Feature,Importance
meth_cg17641046,0.013994644111632147
mut_29769,0.01339852699725537
mut_9674,0.010665519522050072
mut_27471,0.009742595943011731
mut_40096,0.008013726983216103
meth_cg03497419,0.0076808011291036905
rna_NKX6-3,0.007644267376273158
rna_SLC24A2,0.007376367513421226
mut_29408,0.007130234731847049
mut_3519,0.006926940352722758
mut_37124,0.00684828281190647
cnv_SERPINB4,0.00676552903366474
meth_cg05963821,0.006094358615442014
mut_11685,0.005895543909618498
mut_7662,0.00569233946678401
cnv_CCBE1,0.005682859963190179
cnv_ZBTB7C,0.005597464223212918
mut_10023,0.0054348332982148365
meth_cg26785250,0.005356420180816317
mut_12438,0.005214494917996138
cnv_SERPINB3,0.005134994049057271
mut_19316,0.005076893915892777
meth_cg05194618,0.004990929312017863
meth_cg20041366,0.004895621906539998
meth_cg04576684,0.004773982920000821
mut_21625,0.004667303904611123
mut_3045,0.004612802486279643
rna_NOXO1,0.004589704966891148
mut_4174,0.004511015599373521
cnv_MAFB,0.004434557647451916
cnv_SNAI2,0.004287351387991902
meth_cg27149388,0.004240219519974747
meth_cg25950112,0.0042287120580151456
cnv_EFCAB1,0.004154215378250798
mut_8328,0.004137826134824549
meth_cg16763089,0.004091503373141722
meth_cg15110403,0.0040798960152579776
cnv_MIR548AV,0.004079664661710827
meth_cg04301104,0.0040481848547767076
mut_15498,0.003919474308348004
cnv_RN7SKP294,0.0039061974703390183
meth_cg09309913,0.0038574674302134185
mut_33362,0.0037631170701621615
cnv_RNA5SP457,0.003577756899211702
mut_12223,0.0034861764932234353
meth_cg06994813,0.0034572000058178164
cnv_NPEPL1,0.003433832650290732
meth_cg24545961,0.0034262242126018656
rna_KIAA0748,0.0034030755382274346
meth_cg12624667,0.003295911650782908
meth_cg25259564,0.0032956725402943556
cnv_C8orf22,0.0032573509342696382
meth_cg17342302,0.00320252266661899
mut_15500,0.0031528068403184266
rna_C9orf57,0.003051100024603027
rna_HCN1,0.00299796819405609
meth_cg22511684,0.0029510927830177047
rna_SRMS,0.002950553290085861
mut_9928,0.0029503708782513227
meth_cg23316818,0.0029193327484867294
meth_cg21468634,0.0028677416742589634
mut_12322,0.0028606162133365583
meth_cg23087992,0.002837021357507862
meth_cg19897330,0.0028134668283980643
meth_cg17558827,0.002783331788849839
mut_19705,0.0027385769834057916
meth_cg01460805,0.002709594653894634
meth_cg20361909,0.0026935916224892424
meth_cg04689080,0.0026909106196235343
mut_15246,0.0026839941892657176
meth_cg16785690,0.0026509222909557716
rna_MMP21,0.002649002741993618
mut_26515,0.0026398975759466476
meth_cg01678714,0.0026379849617629027
meth_cg04579966,0.0026365849455271275
meth_cg18414754,0.002553458451797043
mut_10763,0.002549874498292801
meth_cg25810484,0.0025270862050230684
meth_cg00058329,0.002509459219571311
meth_cg26839871,0.002467425586339443
cnv_MYBL2,0.0024334346233579594
mut_7450,0.0024000039609857254
meth_cg24291087,0.002391625353606322
rna_FLJ16779,0.0023880392008887243
meth_cg18132916,0.0023666647854902268
meth_cg20267521,0.002352625791130134
mut_21796,0.002350633467094769
rna_TRAT1,0.0023270913912203715
meth_cg05852143,0.0022574085525265634
mut_28181,0.0022503516246514
mut_39479,0.002246667414886139
cnv_TIGD4,0.002235830560715366
prot_PREX1-R-E,0.002235293536876021
mut_31009,0.0022168908886141887
mut_31181,0.0021578034852442344
mut_16999,0.002139975101774018
meth_cg11988964,0.0021319209986722216
meth_cg20238128,0.0020903954794296324
mut_39527,0.002051427025274232
rna_RGL4,0.002039981333116089
rna_MSH4,0.0020050776501793657
cnv_TTC29,0.001993868497037776
meth_cg23139473,0.0019924098000707333
meth_cg16430166,0.0019865815538925745
cnv_RIMS4,0.0019728849445317174
rna_KCNRG,0.0019698996204868028
meth_cg01088410,0.0019601407686899498
mut_16127,0.0019600492366869675
meth_cg15732851,0.0019516573532070913
rna_RGPD8,0.001950768282884327
cnv_RN7SL252P,0.00192905323220213
meth_cg02623991,0.0018460839703350073
rna_CD70,0.0018388873376838704
cnv_RN7SL123P,0.0018206363597020243
meth_cg04153495,0.001819928897360871
meth_cg09284026,0.0018190103077379246
mut_14784,0.0018128515777451773
meth_cg15860695,0.0018121196992566654
rna_ADAM33,0.001802384972076209
rna_ZNF418,0.001788977471335669
rna_HLA-DOB,0.0017838295134084117
rna_TARP,0.0017713328094748914
meth_cg12921961,0.0017711870669904293
rna_IL18RAP,0.0017626467953858588
meth_cg20749730,0.0017329219859026975
meth_cg14251622,0.0017223224429322081
meth_cg02776659,0.001710349225422238
mut_13370,0.0017049629913310992
meth_cg01756288,0.001678951457688479
mut_9423,0.0016785086206991514
meth_cg14455998,0.0016744369080055035
cnv_RN7SL537P,0.0016728375592235134
prot_ER-alpha-R-V,0.0016352203174874117
meth_cg03671371,0.0016340379879690693
meth_cg13261536,0.001618095715337632
rna_TSPAN32,0.0016059606193877135
rna_ARMC4,0.0016039607826979921
meth_cg03345037,0.0016036031642840598
cnv_MYO1C,0.0016021182084170029
cnv_POLR3D,0.0016019713280984367
cnv_ASIC5,0.0015975753698640818
cnv_MAPRE1,0.0015964997704197748
meth_cg10673140,0.0015945579295957829
meth_cg12783819,0.001588026682570886
rna_ART3,0.0015876520389454477
cnv_LRRC19,0.0015804575925049572
meth_cg12436377,0.0015645507143013894
meth_cg05268203,0.001551740540500968
cnv_HERC5,0.0015508887155027565
meth_cg04825327,0.0015357335909742978
meth_cg21931317,0.001535518104183556
meth_cg13848707,0.0015243870914967586
meth_cg06539804,0.0015122521113837251
cnv_DNAJC2,0.001508866881246246
mut_613,0.0014977145866464003
rna_GSG1,0.0014921070281948986
meth_cg11416076,0.0014871901710110816
mut_9902,0.0014726537939541535
meth_cg20127035,0.001468991437599877
meth_cg17491987,0.0014641471683285853
meth_cg11279444,0.0014638007665221642
meth_cg11256387,0.0014511157773133131
meth_cg23337361,0.001450535054065204
meth_cg12510981,0.001444952190737218
meth_cg14562712,0.0014445706524799998
cnv_CAAP1,0.0014394500818866135
meth_cg07129253,0.0014392790588468524
meth_cg18875460,0.0014325737951601247
rna_PYHIN1,0.001421835480947274
meth_cg05425577,0.00141440284172279
cnv_RN7SL723P,0.0014054164017708293
meth_cg03162045,0.0014034700724587052
rna_SEMG2,0.0014018880643975435
rna_RGS13,0.0013894832717171602
meth_cg15955731,0.0013788881666043024
meth_cg26993729,0.001371319922058606
cnv_ME2,0.0013580537761029943
meth_cg17399362,0.001351998690771215
rna_SERPINE3,0.0013480310932566606
mut_25291,0.0013423118307939249
mut_22421,0.0013416036660380273
meth_cg22747076,0.0013414595658744137
meth_cg12169536,0.0013283377551649212
rna_MYOM3,0.0013273245185483542
meth_cg06805320,0.0013225900794185523
cnv_RTEL1,0.001322473298505352
meth_cg18710929,0.0013190121291010656
meth_cg18740893,0.0013179485816074226
meth_cg27547954,0.0013156975691067927
meth_cg21656726,0.0013114743086795138
meth_cg11291081,0.0013079464682338984
meth_cg24500900,0.0013067612187123733
meth_cg06686826,0.001299839116666258
meth_cg00987461,0.0012951876830657135
cnv_SYS1,0.0012889241581302753
rna_LOC646982,0.0012865954435899863
meth_cg15488251,0.0012859963592436437
meth_cg04220088,0.0012820504270713217
cnv_PGM5P2,0.0012818496871768198
meth_cg16531271,0.001280794095310744
meth_cg09669356,0.0012800939243309886
rna_PGPEP1L,0.0012797514731106244
meth_cg05385513,0.0012741220477538002
rna_MYH16,0.0012708466667996673
meth_cg05347845,0.0012694423919945126
rna_MBL1P,0.0012674329068009956
meth_cg07873980,0.001267087367311363
cnv_RNA5SP458,0.001262464745770233
meth_cg05130679,0.0012538475047580394
meth_cg15698066,0.00124891489106477
rna_KLRF1,0.0012488406959045577
meth_cg06040683,0.0012390253396257155
cnv_TUBB1,0.0012358410227754023
cnv_RN7SKP33,0.0012352462971448068
rna_TNFSF9,0.0012187703760001872
meth_cg25485192,0.0012085825146304601
rna_RAB39B,0.0012053961772670813
meth_cg16611264,0.0012047911229645894
meth_cg20251161,0.0012012881488822145
rna_KLRB1,0.0011983422504864042
rna_PARP15,0.0011980799383958364
rna_RBM11,0.0011926894304824032
meth_cg01162104,0.0011833698654791019
meth_cg05991857,0.0011809403843003967
cnv_U3|ENSG00000238297.1,0.0011794210766203116
meth_cg14018731,0.0011783038974347046
mut_8298,0.0011751350088653942
meth_cg24126187,0.001173617505965585
meth_cg02202980,0.001172081457373134
meth_cg10800833,0.0011705914271144138
meth_cg11585893,0.001158450426119728
meth_cg18172881,0.0011500770394758933
mut_25942,0.0011454977085064142
meth_cg03306486,0.0011418281227565546
cnv_BET1,0.0011411988236850008
meth_cg00929798,0.0011363712229703316
meth_cg27101125,0.0011279760178039338
meth_cg11734710,0.001112232783655072
meth_cg20255775,0.0011110623602522901
meth_cg26281453,0.0011077002796816896
meth_cg04428701,0.0011075699269460365
cnv_GJA3,0.001103118912640282
meth_cg06728579,0.001098980800371569
cnv_SNORD121A,0.0010915861457167961
rna_DNAH3,0.0010882505559605216
meth_cg04371288,0.0010670649699541129
meth_cg15066100,0.0010631214717254645
meth_cg00817367,0.0010629142636584387
cnv_TTPAL,0.0010604171604037824
rna_DSG1,0.001059698042436703
meth_cg21448033,0.001056163050082186
meth_cg24033558,0.001055995492336608
cnv_EGR3,0.001055678975986051
meth_cg02816003,0.0010542379989948824
rna_CDH4,0.0010503693867459142
meth_cg18552861,0.0010462186648426222
rna_REN,0.0010405640559507118
cnv_snoU13|ENSG00000238384.1,0.001030540797310614
meth_cg26366107,0.0010221716042877042
meth_cg21322654,0.0010147574293598864
meth_cg15774465,0.0010147162488960031
cnv_PPP1R16B,0.0010144120917472538
mut_30276,0.0010108302226170388
rna_LOC153910,0.001010057786769582
rna_TTR,0.0009991594306320362
rna_CLDND2,0.000996785220120896
meth_cg24816460,0.0009965165108844203
mut_14253,0.0009850943049717553
meth_cg14252602,0.0009696123132079916
rna_F10,0.0009665916100205265
rna_HOXA11AS,0.0009664770258495668
mut_33808,0.0009643889857125422
cnv_ARFGEF2,0.0009609568630694619
cnv_TGM2,0.0009581017750083757
cnv_SNORA70|ENSG00000252724.1,0.0009554952295282457
rna_JPH1,0.0009542647668391955
meth_cg23187159,0.0009520557685553121
meth_cg04156369,0.0009484304273727758
meth_cg20560075,0.0009374558347583972
meth_cg16751938,0.0009328166880283559
meth_cg14718568,0.0009310256702294489
meth_cg20541238,0.0009219932447711945
cnv_RN7SL597P,0.0009203120074381929
meth_cg11419456,0.0009181182156700507
meth_cg26951364,0.0009172464144831081
mut_27178,0.0009162280501079996
mut_22811,0.0009153844937865505
rna_WBSCR17,0.0009142345082031482
meth_cg26678605,0.0009077674117381921
meth_cg10961841,0.0009073540250832871
cnv_MIR106B,0.0009058339013379149
meth_cg21548032,0.0009015103329225524
rna_C11orf70,0.00089982882604148
meth_cg18937827,0.0008987484185349419
meth_cg01969910,0.0008925889101741824
cnv_SLC25A13,0.000891859819027313
meth_cg12612104,0.0008913348642857305
meth_cg16676492,0.0008875420426611153
meth_cg19744936,0.0008863921413780069
rna_HIST1H4A,0.0008730917961476547
rna_RPSAP52,0.0008669420421720535
meth_cg04674803,0.0008648733144350797
meth_cg09661010,0.0008594656707328781
meth_cg00020191,0.0008531371425300967
meth_cg25373100,0.0008516366896737093
meth_cg01287514,0.0008504049823174056
meth_cg11841529,0.0008434814982830513
meth_cg24182470,0.0008409241631277453
cnv_NOL6,0.0008281733307125139
meth_cg15190401,0.0008269491345065118
meth_cg25618087,0.0008228316278040605
cnv_USP17L25,0.0008227458860527019
cnv_DPY19L2P2,0.0008208777764245457
meth_cg14270348,0.0008150097436916909
meth_cg23204968,0.0008113130576105662
rna_SOX2,0.0008084461670486787
meth_cg25464210,0.0008066337984607182
rna_LBXCOR1,0.000800664135553735
meth_cg21005154,0.0007988700433697267
cnv_PON1,0.0007973126781186478
mut_7802,0.0007934322415355112
rna_NKPD1,0.000792021230806541
meth_cg12990337,0.0007904776812889551
rna_C1orf180,0.0007902024513435615
meth_cg10928087,0.0007898770581864049
meth_cg18876786,0.0007821108708731053
meth_cg18841159,0.0007785193562687212
meth_cg15198101,0.0007768789786147637
rna_C11orf20,0.0007703874775739491
meth_cg11386792,0.000770129471109587
mut_28904,0.0007690397891203216
mirna_MIMAT0003235,0.0007685622436302339
meth_cg02397176,0.0007632311515698575
rna_RACGAP1P,0.0007602148111740029
cnv_RELN,0.0007582619368299839
meth_cg12379948,0.000757744938288281
meth_cg17729873,0.0007574619969942198
meth_cg05347878,0.0007533885264426233
meth_cg09636715,0.000750026775055879
cnv_U3|ENSG00000201329.1,0.0007493662891720934
meth_cg19763319,0.0007476700586895873
meth_cg03324821,0.0007472141607667591
meth_cg17164063,0.0007470490559823219
meth_cg25395413,0.0007469511951668278
meth_cg17547875,0.00074602979077292
meth_cg00119057,0.0007411038280384091
meth_cg14743593,0.0007404711701197274
mut_4880,0.0007358175818011907
meth_cg15993383,0.0007339201411058927
meth_cg04593571,0.0007324219329085508
meth_cg16832267,0.0007293346057734137
meth_cg22751696,0.0007288504236579585
meth_cg02780295,0.0007276493440415983
meth_cg23217512,0.0007248096459316284
cnv_CPSF4,0.0007243168363125377
meth_cg00607526,0.0007218515342989441
meth_cg18333921,0.0007213193387173079
rna_BEX2,0.0007167766293729329
meth_cg21583226,0.000713821264071995
meth_cg06125461,0.0007115867394645923
meth_cg13990092,0.0007074349692936445
meth_cg23207676,0.0007067625516344412
meth_cg07129523,0.000704224258236888
meth_cg01696193,0.0007041487040946854
meth_cg17730484,0.0006983510073483798
meth_cg22683858,0.0006975689362915343
cnv_ZKSCAN5,0.0006925003690751681
meth_cg07797397,0.0006875930006861871
cnv_SNORD39|ENSG00000264379.1,0.0006872865576124589
rna_TAC3,0.0006861304351502362
meth_cg05670953,0.0006860133324484009
cnv_KMT2C,0.0006856522990614937
mut_21443,0.0006831150507522804
meth_cg14210287,0.0006814828870876147
meth_cg22232207,0.0006808989826013017
meth_cg10076031,0.0006773306825801484
meth_cg16528511,0.0006758206735545605
meth_cg16003102,0.0006743500118093368
meth_cg06530490,0.0006729198996367036
meth_cg13504411,0.0006712055174306886
meth_cg24275475,0.0006683228441008651
meth_cg05505803,0.0006644144738588421
meth_cg16882226,0.0006627256836165774
mut_38889,0.0006521855173462023
meth_cg26515460,0.000651642817326491
meth_cg15947096,0.0006512833060055747
meth_cg13952031,0.0006501659787585882
meth_cg05938671,0.0006481167173530883
mut_14356,0.0006455730436610907
meth_cg07735777,0.0006444709320445591
meth_cg18770944,0.0006438071222173913
meth_cg08876441,0.0006436976543775077
meth_cg02503159,0.0006390929282397643
mut_29588,0.0006388239413480126
meth_cg20046608,0.0006370114679602893
meth_cg15043283,0.0006348625175504198
meth_cg07294406,0.0006311078907237683
meth_cg21920859,0.0006266663094574075
meth_cg13648501,0.0006246126567306731
meth_cg17812788,0.000624481303915513
rna_SCTR,0.0006236455976031521
rna_DTHD1,0.00062326270964668
cnv_snoU13|ENSG00000272272.1,0.0006224221395888443
meth_cg07838681,0.0006215237524588368
rna_KLHL38,0.000619491241062292
meth_cg04100696,0.000619084322363193
meth_cg01573938,0.0006183601681409319
meth_cg26967579,0.0006155479061882195
meth_cg00086670,0.0006149361128002995
meth_cg24511054,0.0006146604687641366
meth_cg26410484,0.0006142877563784362
rna_HMGA2,0.000610579641578232
meth_cg22891070,0.0006091462992841797
meth_cg13346411,0.0006083969063099603
meth_cg08511716,0.0006075227428498537
meth_cg04010684,0.0006036331876119656
rna_FAM3D,0.0006002707445853664
rna_EFHB,0.0006000847306206724
meth_cg20593611,0.0005992208651560297
meth_cg15336997,0.0005969926050023547
meth_cg15454726,0.0005952675923574252
meth_cg02484469,0.000595247137316081
meth_cg22731271,0.0005947614417304671
meth_cg22657536,0.0005945424231737769
meth_cg23350336,0.0005925912032076466
meth_cg17563235,0.0005883696198993167
meth_cg00063471,0.0005883039615177238
meth_cg04879281,0.0005877182090765126
meth_cg22817647,0.000587117893162073
cnv_CEBPD,0.000582523425376873
meth_cg07559696,0.0005821175026167565
meth_cg17029156,0.0005795965352881888
meth_cg03223126,0.0005770384517904662
cnv_FOXD4L4,0.0005744987313242615
meth_cg25363445,0.0005743988639178857
meth_cg12997720,0.000573280097196082
mut_29487,0.000573108987135134
meth_cg24671202,0.0005726362969954289
meth_cg21231789,0.0005704273088994826
meth_cg08274234,0.000569645774961932
cnv_ATP1B2,0.0005681842356136345
meth_cg04066019,0.0005675470642589989
meth_cg08148209,0.0005670015520302944
meth_cg01306265,0.0005665833970277134
meth_cg25281171,0.000564847019784841
rna_KLRC2,0.000564038236097296
rna_UBASH3A,0.000563271628760861
meth_cg12444328,0.0005632689878539236
meth_cg08249424,0.0005628232437503001
meth_cg19540689,0.0005621837659087221
meth_cg08226111,0.0005592699724998361
meth_cg06637963,0.0005561119989843056
meth_cg27378537,0.0005544178642839994
rna_LIN28A,0.0005533841623554642
meth_cg22424536,0.00055115755435223
cnv_CDC16,0.0005467610331479239
meth_cg06742044,0.0005460366006396242
meth_cg25688113,0.0005454213271366692
meth_cg19734015,0.0005447864762349394
meth_cg26854012,0.0005447629423461325
meth_cg13548601,0.000543718873269162
meth_cg23089549,0.0005432293833735205
meth_cg15592945,0.0005397126828804254
meth_cg15727308,0.0005394820152592808
cnv_PON3,0.0005374846939280119
meth_cg09155701,0.0005325720888724357
cnv_GIMAP5,0.0005316456384184766
meth_cg12288473,0.0005305034632818778
meth_cg24843474,0.0005297491658507118
meth_cg04030615,0.0005293788202216308
meth_cg12621514,0.0005277625079135916
meth_cg08962682,0.0005250335922174782
meth_cg10359929,0.0005231231613345744
meth_cg25497250,0.0005214522572781769
meth_cg07176264,0.0005212839999869787
meth_cg05714219,0.0005212304596100503
meth_cg15075170,0.0005202094452661687
cnv_DLX6,0.000519297556730432
mut_37524,0.0005184461898167718
meth_cg00691999,0.0005170680108269394
meth_cg07066755,0.0005157091869441417
meth_cg09896900,0.0005154346977144917
meth_cg22389730,0.0005152729100470363
meth_cg10166205,0.0005148883558168851
cnv_snoU13|ENSG00000238739.1,0.0005123849883978468
meth_cg09012633,0.0005113533224724149
meth_cg00547789,0.0005112677459355793
meth_cg16502595,0.0005097650554508265
cnv_ZNF789,0.0005092073223190404
meth_cg20532370,0.0005088109932134595
meth_cg22291627,0.0005086031099145571
meth_cg27393126,0.0005083110513908487
cnv_IRF2,0.0005075107805956534
meth_cg11752586,0.0005054432043028501
meth_cg17133183,0.0005040029426971676
meth_cg12083965,0.0005035817947119117
meth_cg10372476,0.0005023093524450941
meth_cg02407659,0.0005017783914503124
meth_cg21645164,0.0004990396865811887
meth_cg08263589,0.0004988959259321265
meth_cg13498289,0.0004983679130308402
meth_cg23277376,0.0004983225333767479
meth_cg15649852,0.0004975700971359406
rna_FLJ11235,0.000496825925398807
meth_cg26256401,0.0004940160560466153
cnv_OR2AE1,0.0004934294220391203
meth_cg27424407,0.0004915722981043316
meth_cg25761326,0.000490928378746409
meth_cg13125542,0.0004904986781270127
meth_cg24754154,0.0004898840941922159
meth_cg06480249,0.0004889345377481296
meth_cg19058865,0.0004872509620723965
cnv_GPR22,0.00048655000065191215
meth_cg00281842,0.0004800922946737808
meth_cg06644256,0.00047775072205793697
meth_cg19113326,0.0004762656969920318
meth_cg06564900,0.0004758619733905994
rna_CMTM2,0.00047538515765450473
meth_cg13334650,0.0004738248810954138
meth_cg18993701,0.00047380631209615275
meth_cg02120013,0.0004731319147047214
cnv_COG5,0.0004725768772863273
meth_cg18406472,0.0004716210677127959
mut_3008,0.00046986993883349476
meth_cg05768702,0.0004696777500914999
meth_cg11299333,0.0004695233455458149
meth_cg03438943,0.00046831913668738014
meth_cg04924141,0.00046827192331469605
meth_cg00443645,0.00046628589646910954
meth_cg24335138,0.00046611343583507743
cnv_POLR2J2,0.0004657516445299831
rna_WFDC13,0.00046551375393033995
meth_cg09559047,0.00046430866102299434
rna_RASSF10,0.0004640983641722706
meth_cg17763188,0.0004640226714822166
meth_cg09444392,0.000463448369870483
meth_cg18930994,0.0004620890193224394
meth_cg24881205,0.00046122060290306214
meth_cg00829961,0.0004606409471778815
meth_cg16793061,0.00045908793519739365
cnv_ANKIB1,0.00045780866370397625
meth_cg02741216,0.00045768716461400794
meth_cg26367591,0.00045566271774915754
meth_cg06926782,0.0004524885587159819
meth_cg01943874,0.0004517461550890081
meth_cg02157475,0.0004481783158615077
meth_cg25315855,0.0004479648197537454
meth_cg07499707,0.0004469269319223967
meth_cg09184853,0.00044381624045309627
meth_cg15412498,0.00044374001001358255
meth_cg21129615,0.00044253642226545426
mut_15752,0.000442525545023578
meth_cg00888463,0.0004423218417846781
meth_cg07025949,0.00044184713862732293
meth_cg08770506,0.0004410430262579404
meth_cg18206952,0.00044019155737690834
rna_ANKRD1,0.0004398752792259997
meth_cg18996590,0.0004392744674136273
meth_cg18680788,0.00043583426489573964
meth_cg00845942,0.0004345080960507822
meth_cg05209770,0.0004336219620440507
meth_cg02320454,0.0004326714844058391
cnv_TONSL,0.00043147127933373274
cnv_DEFB128,0.0004307692457548141
meth_cg15603424,0.0004301253123409847
meth_cg15922174,0.00042811684234920886
meth_cg15576900,0.0004278635718638461
meth_cg11826826,0.0004261887356177051
meth_cg15696662,0.00042438673733511957
meth_cg25029264,0.0004233322849297048
cnv_BHLHA15,0.0004214322835077422
meth_cg21746851,0.00041916561889432255
meth_cg07837556,0.00041861619242915797
meth_cg11031701,0.0004180439004571048
meth_cg14860120,0.0004180295203883129
meth_cg27269940,0.0004175643695372901
meth_cg20761860,0.00041749662115310606
cnv_DNTTIP1,0.0004172537183435076
meth_cg06710937,0.00041642516607245955
rna_CSTL1,0.00041617483457073793
meth_cg13672078,0.00041546750323549075
meth_cg07864323,0.0004143387236566697
meth_cg02369195,0.0004104496691443847
meth_cg03533005,0.00041021262102358376
meth_cg08650910,0.00040820933812211395
meth_cg13193840,0.0004066751681495249
meth_cg04578997,0.00040575258168400934
meth_cg08912146,0.00040562374885442793
meth_cg07540118,0.0004046892164036558
mut_23484,0.00040410222136727243
mut_12978,0.00040303960531016555
meth_cg13258190,0.0004021026612392981
meth_cg24708545,0.00040153960707628417
meth_cg01539036,0.00040109622768646445
cnv_PRKRIP1,0.00039963420950453547
mut_25612,0.0003992974045683299
meth_cg25428398,0.00039729009404949547
meth_cg14081924,0.00039702760367527
meth_cg16079958,0.0003968284882968795
meth_cg00368636,0.0003965444185102835
rna_CREG2,0.0003961152009191674
meth_cg04689061,0.00039560533312580157
meth_cg17346177,0.00039497346361173235
meth_cg23969342,0.0003940305344611331
meth_cg11976166,0.00039213815988576944
meth_cg05381423,0.00039170088038569667
meth_cg25464921,0.00039134407092015426
meth_cg01190692,0.0003904216585001438
meth_cg25458630,0.00038966690586293826
mut_13517,0.0003877285499325569
meth_cg25379026,0.0003870879715663444
cnv_ZNF705G,0.0003863609610325058
cnv_C20ORF135,0.0003850090993898422
cnv_RN7SKP198,0.00038463471426629576
meth_cg17439093,0.0003844553753986535
meth_cg18470839,0.0003816546183156721
meth_cg27196808,0.0003811526778614806
meth_cg05621401,0.00038040377695767764
mut_4831,0.0003794778591322773
meth_cg13451280,0.00037755549273550427
meth_cg23118086,0.0003774289914143203
meth_cg14314653,0.00037659701715059025
meth_cg17412602,0.0003756529083900657
meth_cg22026853,0.00037500177049442084
meth_cg23428985,0.00037492520302037326
meth_cg27522060,0.0003746494280928184
mirna_MIMAT0004703,0.00037378611128076697
meth_cg03709792,0.0003731822945567354
mut_24190,0.00037280128380703513
meth_cg12042659,0.0003709516390152829
meth_cg02245020,0.00037087423124791013
meth_cg03753681,0.00037076822267857566
rna_LOC100216001,0.00037067468721282764
meth_cg16424920,0.00036997039149291936
meth_cg16562959,0.0003697277191029055
cnv_CRIPAK,0.0003696171071520294
mut_34127,0.0003677231959446096
meth_cg26680047,0.00036771460254172755
meth_cg24654525,0.00036746599540627453
meth_cg25475603,0.00036582131800670686
meth_cg09735782,0.0003657812246017359
meth_cg09248482,0.00036544795184171344
meth_cg25947878,0.0003648929587244554
meth_cg05884394,0.00036488901445599366
meth_cg16171281,0.0003644060731219128
meth_cg14380111,0.0003642370670812579
meth_cg12064531,0.00036394222911785074
meth_cg09980176,0.00036390974025146976
meth_cg27230697,0.0003635917603654308
meth_cg22773093,0.0003629220384694559
cnv_TRIM56,0.00036186411491597646
meth_cg25798987,0.00036171105418331253
meth_cg25937714,0.00036088966726123767
cnv_RGP1,0.0003595538848017882
meth_cg26717763,0.00035943794727457914
meth_cg02043600,0.0003588982594428746
meth_cg02878891,0.00035796312674473904
meth_cg06899755,0.0003571030537885727
meth_cg14499413,0.00035622727484202753
meth_cg13685314,0.0003559250484240737
meth_cg20674701,0.00035349706861822073
meth_cg15469871,0.00035244175741079353
meth_cg25274052,0.0003518030965897732
meth_cg03774026,0.00035125746138438133
meth_cg12020549,0.0003509499027379026
meth_cg08104202,0.00035044818811152267
mut_38475,0.00035011351644487145
meth_cg00325599,0.0003487890295033015
meth_cg19839347,0.00034765430317656006
mut_10447,0.0003465617991326042
cnv_TTF1,0.00034645076968566236
meth_cg25060829,0.0003457748659496804
meth_cg23032045,0.00034565613571929763
meth_cg12081932,0.00034563179275169187
rna_LYG1,0.0003454321548652026
cnv_GJC3,0.0003451151273896093
mut_2838,0.00034456052104006254
meth_cg26121591,0.00034379108038404445
meth_cg00901264,0.0003437888314392236
meth_cg12639324,0.0003431387702226082
meth_cg24034005,0.0003421446215728988
meth_cg15128200,0.0003421243722801387
mut_23564,0.0003412075036033912
meth_cg07875430,0.0003405920844825188
meth_cg19247841,0.0003393553873005928
meth_cg22090863,0.00033903575098104667
rna_CALB2,0.00033887935523068937
meth_cg09953239,0.0003387427375779362
meth_cg13634242,0.00033870962201260096
meth_cg16785698,0.000338669832993056
meth_cg12615137,0.00033819577221447467
meth_cg07696485,0.0003378531811832743
meth_cg06230736,0.00033732098694426877
meth_cg03853987,0.0003366632529752233
meth_cg14861020,0.00033638353096849714
meth_cg01458228,0.0003351855132924693
meth_cg21653184,0.00033414500265376213
cnv_GNG11,0.0003341253882849501
meth_cg23874561,0.00033409854423292285
meth_cg08047907,0.0003334474324381798
meth_cg13615338,0.0003320239782288255
meth_cg09155997,0.0003313276827795291
meth_cg25991569,0.0003312223386749235
meth_cg06131143,0.0003311617500229215
meth_cg22349506,0.0003310552129061434
meth_cg09334277,0.00032883704470142454
meth_cg07104652,0.0003277082143192546
meth_cg18050291,0.0003251638458489654
cnv_ALDH1A1,0.0003248438949637427
meth_cg24856673,0.0003246789408725803
meth_cg11052958,0.00032456233329810616
meth_cg26234721,0.0003244155250977005
meth_cg25492241,0.0003243080151229556
meth_cg25097436,0.0003229338340789719
meth_cg04924736,0.0003228947711237989
meth_cg02079377,0.0003227064697316413
meth_cg25066490,0.00032248609377521484
mut_17173,0.00032210777471949095
meth_cg11982072,0.00032162015316549895
meth_cg00967901,0.00032160206771990275
meth_cg01120894,0.00032128357816848906
meth_cg20492807,0.0003212262805542662
meth_cg23307385,0.00031983096310452745
meth_cg05052633,0.00031941221116425637
meth_cg05362548,0.0003193492729001235
meth_cg19129369,0.0003184355102621907
meth_cg19549023,0.0003183433411984921
rna_DSC1,0.0003174136270115203
meth_cg12614213,0.00031721509266513
meth_cg26437112,0.00031658873342725125
meth_cg04117372,0.0003161866515358231
meth_cg26859365,0.00031617325663053176
meth_cg13915726,0.0003143001086725733
meth_cg20909354,0.00031388954025033115
meth_cg15452573,0.0003117452240337386
meth_cg01327552,0.0003117424887665639
meth_cg17470837,0.00031167330003906217
meth_cg10890233,0.00031147486735015183
meth_cg24562819,0.0003107231922107463
meth_cg12778215,0.0003103430504173377
cnv_RPS6,0.000310114017580173
mut_25941,0.00030972844243384846
cnv_TBC1D13,0.00030944332551514133
meth_cg02974928,0.0003083768390386971
meth_cg21385047,0.00030807638791504374
meth_cg11746813,0.00030748295453696567
cnv_ADAMTS13,0.0003072081479756315
meth_cg15139588,0.0003067932655659343
rna_C3orf16,0.000306711259850504
meth_cg23337754,0.0003064340937932576
meth_cg13643796,0.00030577025943090793
cnv_UBAP1,0.0003037445023619481
rna_WFDC10B,0.0003031039601455773
meth_cg08383338,0.0003030167860915241
meth_cg07673133,0.00030280843406572575
meth_cg11775528,0.00030227832784763197
meth_cg04457196,0.00030096664999398464
mut_39719,0.00030049442529045997
meth_cg12623328,0.0002985442332444608
meth_cg08725962,0.0002973561540015622
mut_28661,0.0002965076358885785
meth_cg14598327,0.00029631404661379734
meth_cg18465286,0.000295684336740215
rna_RAB9B,0.00029538136548222
mut_5814,0.00029516604781169604
mut_31633,0.000294940811926147
meth_cg14650610,0.0002947257022385096
meth_cg16652741,0.0002938972581258735
meth_cg15543173,0.000293458429909155
meth_cg08815286,0.0002905727978512872
meth_cg06570167,0.000289361130837928
meth_cg13764106,0.0002888234181232302
meth_cg15247111,0.000288241008646292
meth_cg14235416,0.00028792329250824965
cnv_DLX5,0.00028776644081796824
meth_cg24480695,0.0002876456762591144
meth_cg05084391,0.00028756430235182893
mut_26614,0.00028618680872608226
meth_cg23132268,0.00028607322538617746
meth_cg06203207,0.00028575278767644876
meth_cg26614154,0.0002853595868331511
meth_cg18789958,0.000285309161916578
mut_34294,0.0002845464356555177
meth_cg00114029,0.00028440796032245337
meth_cg23437733,0.00028389087651594193
meth_cg17160382,0.0002838547064082653
meth_cg08044969,0.00028290073310502405
meth_cg07791427,0.00028169501004885475
rna_PCLO,0.00028053900986231816
cnv_LHFPL3,0.00028012548763655526
rna_LOC100131551,0.0002790980642436688
meth_cg05088151,0.000278637177095006
meth_cg05576648,0.00027786747586981176
meth_cg17870792,0.00027768188350860444
meth_cg17014009,0.0002774514203210211
rna_MYH4,0.00027742363637388426
meth_cg05958740,0.00027740904346986844
meth_cg03017520,0.0002770410288112343
meth_cg14326413,0.0002757669719138848
meth_cg05779300,0.00027423038023661523
meth_cg11492102,0.00027218836882100334
meth_cg15156226,0.00027174192295909905
meth_cg06497198,0.00027118480201909626
rna_GPR142,0.00027079535910796515
meth_cg09686317,0.0002700038571979599
cnv_MBLAC1,0.00026933797123310834
meth_cg02430347,0.00026907397248185925
meth_cg09011883,0.0002686477347623005
meth_cg25206760,0.0002682279918723261
meth_cg05825244,0.000268167510567088
meth_cg00270778,0.0002677305097096909
meth_cg05521792,0.0002674080694061111
meth_cg10669265,0.00026507276507276505
meth_cg00527489,0.0002643939102606433
meth_cg16204757,0.00026195404305473085
meth_cg04763554,0.00026173568230209327
cnv_VWA8,0.00026165027789653694
cnv_AP1S1,0.0002609397762088252
meth_cg01720991,0.0002606944178016499
cnv_MIR4285,0.0002603255780950608
meth_cg18254147,0.00026018197344483484
meth_cg24124029,0.00025992926045298757
meth_cg09958967,0.0002593505641510433
meth_cg10834205,0.00025817372033147627
meth_cg22975913,0.00025676647026890836
meth_cg26886381,0.00025649796094372895
meth_cg17245188,0.0002564888402728653
meth_cg24924091,0.0002563471536806144
meth_cg23108709,0.0002560916060554292
meth_cg05663341,0.0002556406866146069
meth_cg01105494,0.0002555621851738613
meth_cg27193031,0.00025518813662541546
meth_cg00109503,0.00025319700832858764
meth_cg25472353,0.00025302197310521514
meth_cg23066860,0.0002529463449201913
meth_cg26228266,0.000252629612542901
meth_cg14488905,0.0002522697936239675
meth_cg00619443,0.00025166968403091415
meth_cg16240368,0.0002516386941245407
meth_cg22681934,0.0002514212842380499
meth_cg14688104,0.0002513351757537748
meth_cg21032058,0.00025076127988246503
meth_cg18278265,0.00025052826922627075
meth_cg11398523,0.0002504780443809329
meth_cg15971010,0.00025045050107836537
meth_cg04120171,0.00025034954171668174
rna_RNASE7,0.00025014584409359294
cnv_HGSNAT,0.00024931284543893605
rna_TBX5,0.00024847274243137063
meth_cg19025435,0.0002475402036616019
meth_cg10731794,0.0002472269175979582
cnv_DEFB118,0.00024699295874041434
meth_cg11960393,0.0002460379091157439
meth_cg06836772,0.00024585093812322953
cnv_PON2,0.0002453688373433199
meth_cg27482031,0.0002452257055393724
meth_cg07966910,0.00024496399417502513
mut_25156,0.0002443110171383232
meth_cg13483026,0.00024399665693104012
cnv_POLR2J3,0.0002436466183166982
meth_cg19021383,0.00024345788628005996
meth_cg26985686,0.0002434309874592226
meth_cg24465429,0.00024303633515503667
meth_cg27658416,0.00024269174764692702
meth_cg26068551,0.00024200446567641007
meth_cg05600740,0.0002418084472076642
rna_ADHFE1,0.00024116896013618957
meth_cg08482682,0.00024088710412214928
meth_cg10529387,0.0002403699705460458
meth_cg15658945,0.00023988853207695845
meth_cg01394819,0.00023899316806624452
meth_cg15229124,0.00023890560172090515
meth_cg10347759,0.00023890137812960296
meth_cg08705697,0.0002386582704727451
meth_cg12167830,0.0002382634457611668
meth_cg11019211,0.00023817585323706277
meth_cg09103619,0.0002378564069437517
rna_INSL4,0.0002376813609990425
meth_cg17023776,0.0002374210702393454
meth_cg27092035,0.0002365653646328188
rna_DPY19L2,0.00023621621793876675
meth_cg25285794,0.0002360556820109217
meth_cg06015645,0.00023551630958276457
cnv_EXOSC4,0.00023520787528277998
cnv_COL26A1,0.0002346056957165559
meth_cg27045447,0.00023438112414264447
meth_cg04851935,0.00023392106541788617
meth_cg24102241,0.00023368157696535135
meth_cg13604337,0.00023358421629167406
meth_cg03102879,0.0002335712389768339
meth_cg25333258,0.00023336146383108537
meth_cg26094984,0.0002331378656829937
meth_cg07438288,0.00023312509974870204
meth_cg06636971,0.00023310335924089793
meth_cg23068731,0.00023306419543232297
meth_cg17833071,0.00023290118505603255
meth_cg12035092,0.0002326281899587453
meth_cg13693941,0.0002324912323206061
meth_cg10135483,0.0002317132477043225
meth_cg23779047,0.00023168404725370994
meth_cg10508295,0.00023013533791502977
meth_cg00703260,0.0002301044251826103
meth_cg11820517,0.00022796649253839073
meth_cg17408973,0.0002264150943396227
cnv_B4GALT1,0.0002261189269916667
meth_cg13567541,0.000225714822938453
mut_17210,0.00022568361044623023
meth_cg14468913,0.00022546136484661412
meth_cg24543696,0.00022306654430287248
meth_cg26135506,0.00022273397707349023
meth_cg09667303,0.00022193987207276133
meth_cg10030636,0.00022106441805946862
cnv_ZNF732,0.0002206921394865255
meth_cg06802522,0.0002205653547487654
cnv_MIR548O,0.0002198727021814901
meth_cg03561455,0.0002193222619899772
meth_cg13173848,0.00021917264481385523
meth_cg10273340,0.00021869361183442907
meth_cg01923218,0.00021824465780909908
cnv_AGPAT2,0.00021760686358566147
meth_cg13000082,0.00021714553653082652
meth_cg26053073,0.0002161686264203367
meth_cg22264975,0.00021576508145635228
cnv_OBP2A,0.00021539202413195242
meth_cg18444347,0.00021429459872559874
meth_cg10636745,0.00021419827876383138
mut_24284,0.00021257327870211054
meth_cg11497957,0.00021228333673529973
meth_cg17027195,0.0002122519021655621
meth_cg22496102,0.00021211656314671187
meth_cg13958426,0.0002120390825472944
meth_cg22889755,0.00021196722589537738
cnv_RASA4,0.0002116492530026365
meth_cg26559315,0.0002113003592507057
meth_cg12539796,0.00021030571297705664
meth_cg04199943,0.00020983455504312447
meth_cg10734240,0.00020847882737000907
cnv_CREB3,0.00020839317826094162
meth_cg16899351,0.0002082316912539516
meth_cg11654179,0.00020806398120137374
meth_cg19244428,0.00020702691837741846
meth_cg03672342,0.00020600980618672518
meth_cg19191500,0.0002049168638270983
meth_cg16770799,0.00020440689443294808
meth_cg03098937,0.00020391478896555478
meth_cg14999001,0.0002034507694547018
meth_cg05151621,0.0002026553002050551
meth_cg11361827,0.00020195471940192034
meth_cg10091335,0.0002017598111227071
meth_cg08661899,0.00020151552857415348
meth_cg23216292,0.00020148649371174766
meth_cg19653212,0.00020104203942000778
cnv_GAL3ST4,0.0002006634503668704
meth_cg13355248,0.0002003259940145361
meth_cg08458292,0.0002002748862176563
meth_cg05337177,0.00019894078375894204
meth_cg18956481,0.0001972948964094335
meth_cg17934824,0.00019665260183580828
cnv_LINC00969,0.00019591039554890208
meth_cg08536228,0.00019563685079760447
meth_cg02700894,0.0001954644081031111
mut_25234,0.00019524233120032147
meth_cg07441272,0.00019509291203929246
meth_cg20468253,0.00019507093480531458
meth_cg03761649,0.0001948454346330739
meth_cg09239744,0.00019468050340507048
meth_cg01896761,0.00019457857688683018
meth_cg22054918,0.00019440938943181155
cnv_CAMSAP1,0.0001943588686266115
meth_cg00906644,0.00019237875288683598
meth_cg08371659,0.00019176328387503737
meth_cg07561017,0.00019125413904552726
cnv_ENTPD8,0.00019115442278860569
meth_cg15778437,0.00019080180859649046
meth_cg25602490,0.00019079753726876267
meth_cg05022673,0.00019000787713562716
meth_cg05218346,0.00018918372039110947
meth_cg06103031,0.0001889011540011507
cnv_SCEL,0.0001886813989375588
meth_cg16368442,0.0001882690008539986
meth_cg25925764,0.00018682900285183407
meth_cg00032756,0.00018681452198011288
meth_cg09775582,0.0001867440223604607
meth_cg18608749,0.00018643496364595085
meth_cg05064925,0.00018602367555509828
cnv_MUC12,0.00018556306459275012
meth_cg14208112,0.00018508196797134286
cnv_RBM46,0.0001842975800942071
meth_cg02264922,0.00018403714971560383
meth_cg21068911,0.00018381661094470133
mut_9131,0.00018325117014399977
meth_cg11610754,0.0001825739674001819
meth_cg26780998,0.00018241036919858038
cnv_TFEC,0.00018222072924937402
cnv_SPDYE2B,0.00018180577896800685
meth_cg22991512,0.00018145793042930594
meth_cg23635429,0.00018141997885594605
meth_cg08568512,0.00018091659940446667
meth_cg10634922,0.0001799250915906396
meth_cg02979001,0.0001793010707987357
meth_cg04942472,0.00017884327316066928
mut_40466,0.0001783322408732081
meth_cg13428480,0.0001781723279630475
cnv_POTEA,0.00017814496712683023
meth_cg12082598,0.00017807363262448215
cnv_RN7SKP41,0.0001779882230000979
meth_cg09360501,0.00017777774235038673
cnv_snoU109|ENSG00000238832.1,0.00017715414730255075
meth_cg00391044,0.00017697712278296637
mut_37493,0.00017682595697135776
meth_cg26642655,0.00017631219011796887
meth_cg14665813,0.00017599067594307655
cnv_MIR663A,0.00017576766497250367
meth_cg06040206,0.00017559995638710268
meth_cg11142826,0.0001750520489469466
cnv_RN7SKP113,0.00017481113504305443
meth_cg18066271,0.00017421603917792787
meth_cg25947489,0.00017408108142927354
meth_cg11243196,0.00017377661101862645
meth_cg18935813,0.0001737738290863519
meth_cg22959667,0.00017348998659303256
meth_cg13909585,0.00017119180244905648
meth_cg22935149,0.00017109120460389446
meth_cg10734526,0.00017098861297071375
meth_cg20505223,0.00017065843421396398
rna_ADRB2,0.0001701827944210687
mut_29432,0.00016935361589246866
cnv_HMX1,0.00016919718373315098
meth_cg07852757,0.00016915526145506486
meth_cg00381411,0.00016912381531857055
meth_cg17651959,0.00016908458563116892
rna_C5orf58,0.00016862952768622715
meth_cg17676607,0.00016850861425580493
meth_cg25143771,0.00016765196086877202
meth_cg08812555,0.0001675313205840764
meth_cg16520288,0.0001674846889130559
meth_cg08287265,0.00016737115484729436
cnv_SPATA31A3,0.0001670656891196356
cnv_MIR296,0.00016701600932855765
meth_cg16041660,0.0001664833161987417
meth_cg25425784,0.00016624401726546325
cnv_DEFB131,0.00016576920159918525
meth_cg18210732,0.0001657260133401745
meth_cg24624406,0.00016563098700507294
cnv_TECPR1,0.00016514920821577593
meth_cg09793584,0.00016463887055582656
meth_cg01759126,0.00016461981862907072
meth_cg23532765,0.00016373442917683317
meth_cg10932068,0.00016365188650793383
meth_cg00064255,0.00016353988607853531
meth_cg11172693,0.00016293640099095827
meth_cg06718073,0.000162238041808335
meth_cg15478390,0.00016218667699083487
meth_cg04585612,0.00016129062902981765
meth_cg16721177,0.00016078914251163045
meth_cg17054969,0.0001607626769183943
meth_cg10376408,0.00016067461467975406
cnv_FAM205B,0.00016043319535902556
cnv_SPDYE2,0.00016027282461939573
meth_cg12644696,0.0001601927753717281
meth_cg25836955,0.00015988949539983658
meth_cg07791578,0.0001594074205288827
meth_cg02759110,0.00015932053144224198
cnv_SGK196,0.00015921692200904398
meth_cg01040523,0.0001590480881839969
meth_cg18559739,0.00015859367329218083
meth_cg01940855,0.00015816345820656558
meth_cg16295145,0.0001579401414739328
cnv_MIR93,0.00015788320793820698
meth_cg01503348,0.00015760638156536965
meth_cg16585306,0.00015611134376688484
meth_cg17689707,0.00015608252425868506
meth_cg02991085,0.00015602126916134575
meth_cg07131451,0.00015418677090331645
meth_cg21107549,0.00015414722907456708
meth_cg27434245,0.00015301772455309407
meth_cg18237551,0.00015296718047741033
meth_cg04242021,0.00015183039010613537
meth_cg05447008,0.00015178139002958808
meth_cg13640626,0.00015081982350423486
meth_cg03755177,0.00014956418537227792
meth_cg10209441,0.00014871350927003632
meth_cg00018128,0.00014791484338428355
meth_cg04569381,0.00014786213133457686
meth_cg23498273,0.00014750446869673362
meth_cg02917917,0.00014736098625914984
meth_cg10735633,0.00014715313553812428
meth_cg22669058,0.00014711119341329304
meth_cg18567682,0.00014606637370163212
meth_cg19935171,0.00014596037488181967
meth_cg20263839,0.000145513982865512
meth_cg02038168,0.00014450918314546317
meth_cg03611007,0.00014274658758197122
meth_cg19729116,0.00014272453815398204
meth_cg03571927,0.0001426410872627828
meth_cg02588107,0.00014167467989386376
meth_cg09131629,0.0001403244764211426
meth_cg10086212,0.0001394930570402483
meth_cg01755467,0.0001389673042435884
rna_ODAM,0.00013882904114985065
cnv_POLR2J,0.00013853503377274414
cnv_FAM185A,0.00013839407498528335
meth_cg02758612,0.00013687652118056062
meth_cg24164873,0.00013647218886379096
meth_cg26583481,0.00013641110171523876
meth_cg11856078,0.00013551289322590924
meth_cg11398511,0.00013543685821264782
cnv_HBP1,0.00013515229677874634
meth_cg07850604,0.0001349468434177713
meth_cg26916166,0.00013427553782590116
meth_cg23889391,0.00013424590973373904
meth_cg26057780,0.00013107170393215111
rna_HSPB7,0.0001292029275224815
rna_CAMK4,0.00012914236323813866
meth_cg25255293,0.0001290398949511255
rna_DNAJC5B,0.00012892324677577554
cnv_WHSC1,0.0001288218952932244
meth_cg25611476,0.0001287850718741851
meth_cg25449542,0.00012815681064989453
meth_cg01616178,0.0001281493339964874
meth_cg08576643,0.00012792240708890118
meth_cg02367660,0.00012773826107946335
meth_cg22273427,0.00012684358445046873
meth_cg26831241,0.00012659600416695436
meth_cg05500125,0.00012572354698877405
meth_cg25583174,0.00012552073201303092
meth_cg21051989,0.00012523907032825393
meth_cg11537367,0.00012478251413658114
meth_cg25840208,0.00012445339081900504
mut_10638,0.00012425586832758094
meth_cg16596604,0.00012412216569182872
meth_cg07629187,0.00012388003878074664
meth_cg00585558,0.00012375431904135652
meth_cg27066284,0.00012350840143618563
meth_cg11912330,0.00012338645980312918
cnv_FBXL13,0.0001226905311778291
cnv_LMTK2,0.0001226905311778291
mut_1342,0.00012268141764440308
meth_cg06577045,0.0001226506992978005
cnv_TMEM140,0.00012257029099095024
cnv_NRARP,0.00012230811427185276
meth_cg09320746,0.00012229248870826318
meth_cg10782380,0.00012229069741803188
meth_cg15648026,0.00012208077869831308
meth_cg08675193,0.00012200562200709791
meth_cg26825751,0.00012166323051787397
meth_cg20249252,0.00012150668172390249
cnv_TLN1,0.00012124497189969472
meth_cg08568720,0.00012086647724160892
meth_cg24198584,0.00012063291924486432
meth_cg08078694,0.00012048347567643539
meth_cg26608883,0.00012040787250931148
meth_cg11445123,0.00012011921886559739
meth_cg08265644,0.00012000532138830503
meth_cg16354296,0.00011953440146939103
meth_cg21557668,0.0001194702954069736
meth_cg25776856,0.00011898387292776
meth_cg13690989,0.0001189627425578102
meth_cg01557297,0.00011873108450859543
meth_cg11339445,0.00011868058542251394
cnv_AFF1,0.00011855788956227384
meth_cg09488203,0.00011792075816396437
meth_cg22932815,0.0001176284522468023
meth_cg14383422,0.000117500899255693
meth_cg00975979,0.00011747034901200362
meth_cg01349775,0.00011704902445702236
meth_cg00100121,0.00011619462599854755
mut_14683,0.00011615809659371718
meth_cg15313332,0.00011455932968203585
meth_cg22772711,0.00011442959712804148
meth_cg04884011,0.00011428932610094696
cnv_PVRIG,0.0001142577099450415
meth_cg09935045,0.00011402647507342795
meth_cg02339682,0.00011388002232941615
rna_GSDMA,0.00011352891909407567
meth_cg08692175,0.00011351977246581552
meth_cg22794704,0.00011305865382103826
meth_cg19063564,0.00011231510218064213
meth_cg07748540,0.00011214542256102032
meth_cg09032310,0.00011206556283036756
meth_cg01742897,0.00011178207736834797
meth_cg07195301,0.00011141765995562287
meth_cg19532257,0.00011111525328390411
meth_cg27205687,0.00011081821992884282
meth_cg25497529,0.00011069383558709715
meth_cg05998639,0.00011001494348265787
meth_cg12518410,0.00010966484130852375
cnv_RNU105C,0.00010960171820305377
meth_cg03745431,0.00010908086626249112
meth_cg10140114,0.0001090582499358481
meth_cg08535600,0.00010905047682855558
meth_cg03506033,0.00010902190960991255
cnv_C9orf169,0.00010864940644747302
meth_cg00278028,0.00010834188698063273
cnv_RN7SKP54,0.000108279958369575
meth_cg16512615,0.000107930600242505
cnv_DNAJB9,0.00010774812439651308
meth_cg14026538,0.00010741611026735822
meth_cg15717926,0.00010710368885936436
meth_cg12109566,0.00010697146049388893
meth_cg16658099,0.00010674371543292111
meth_cg02788400,0.00010625605447603851
meth_cg23124867,0.00010623789311759344
meth_cg18713528,0.00010622062599256404
mut_4058,0.00010621520014809963
meth_cg25617691,0.00010522460025506682
cnv_EN2,0.00010508843225917231
meth_cg26164310,0.00010431341201136596
meth_cg04099652,0.00010403643563124517
meth_cg07446677,0.00010390277061664891
meth_cg04879577,0.0001030961697396091
meth_cg23855505,0.00010230105739748405
cnv_BRI3,0.00010216273063522608
meth_cg15167155,0.00010213333128812846
cnv_MOGAT3,0.00010169781221513217
meth_cg21309100,0.00010010020613141412
meth_cg17009433,9.973534048554595e-05
meth_cg21624739,9.913269108007335e-05
meth_cg19863655,9.841630954057042e-05
meth_cg15760257,9.805178159446297e-05
cnv_SNORD62A,9.760749253971056e-05
meth_cg14556070,9.738961608619316e-05
meth_cg19166660,9.67917076241968e-05
meth_cg22930650,9.614883233320694e-05
meth_cg01141940,9.601871822157739e-05
meth_cg03203223,9.475523370065134e-05
mut_4353,9.464928720525327e-05
cnv_SH2B2,9.417375381972637e-05
meth_cg09763175,9.400185162550354e-05
meth_cg13936125,9.395590290652898e-05
meth_cg20537507,9.388930641332586e-05
meth_cg22480742,9.384122857818464e-05
meth_cg18949300,9.362264566582222e-05
meth_cg17321214,9.353183546547879e-05
cnv_ORAI2,9.347127760345604e-05
meth_cg02120582,9.341990108481063e-05
meth_cg19585816,9.337998942100337e-05
meth_cg21657955,9.337201118023035e-05
meth_cg01151699,9.273960650999936e-05
cnv_BCAP29,9.178959106037377e-05
meth_cg18328894,9.05299565515664e-05
meth_cg13524302,8.951800259784244e-05
meth_cg15377518,8.881831342978143e-05
cnv_STAG3,8.868591743801817e-05
meth_cg04564030,8.831695476902721e-05
meth_cg11715903,8.802719710417546e-05
meth_cg16140952,8.799677920285274e-05
meth_cg02201071,8.794890172817533e-05
meth_cg11606461,8.786925395891006e-05
cnv_C9orf9,8.780424817612498e-05
meth_cg17512353,8.738612673844134e-05
cnv_BOD1L2,8.721054506590668e-05
meth_cg20024850,8.719439220379552e-05
meth_cg21152690,8.71546567929365e-05
meth_cg22472148,8.715093345485099e-05
meth_cg19083459,8.689594000325912e-05
meth_cg12027636,8.624688492889717e-05
meth_cg07236798,8.547975818697533e-05
meth_cg26751304,8.457320776745479e-05
cnv_ZSCAN21,8.436156004558098e-05
meth_cg05852008,8.381615228296626e-05
meth_cg03052970,8.337622233659291e-05
meth_cg23378989,8.281224865182642e-05
meth_cg11244340,8.219324497648565e-05
meth_cg10089527,8.121332975448634e-05
meth_cg12880602,7.940352770955554e-05
meth_cg11058154,7.939422860527611e-05
cnv_PUS7,7.864302235929066e-05
meth_cg15624852,7.845259799453052e-05
meth_cg01274715,7.798265985151707e-05
meth_cg03960951,7.695876074158675e-05
meth_cg15901259,7.683383517364227e-05
meth_cg23363014,7.672778269940229e-05
meth_cg14981807,7.653498742282188e-05
meth_cg04803843,7.429569844168939e-05
meth_cg03028236,6.863719506529725e-05
meth_cg11889769,6.836431287610561e-05
meth_cg05106294,6.691799268158987e-05
meth_cg08395966,6.562392771359945e-05
cnv_RALGAPA2,6.538275262813025e-05
meth_cg23719318,6.537157831771443e-05
meth_cg11666087,6.536785439630864e-05
meth_cg02468050,6.536599259470238e-05
meth_cg14178748,6.51808386772552e-05
cnv_C4orf46,6.518004009030302e-05
meth_cg23109129,6.514047291639742e-05
meth_cg20298895,6.513328358239738e-05
meth_cg14834850,6.498908270029439e-05
meth_cg16238815,6.492696829355175e-05
cnv_ACN9,6.486278203536407e-05
meth_cg04569837,6.486095917237258e-05
cnv_UBE2R2,6.481614896469638e-05
mut_20498,6.4810630577863e-05
mut_3443,6.477540691321097e-05
meth_cg00116554,6.476622230046909e-05
meth_cg02564134,6.469129468103292e-05
meth_cg09567473,6.46477786036938e-05
rna_SH2D5,6.464358103285835e-05
cnv_EVA1C,6.455592398717218e-05
meth_cg14364356,6.454083477414831e-05
meth_cg26961808,6.444865974187312e-05
meth_cg05919360,6.436849381152474e-05
meth_cg20973347,6.428205201241921e-05
meth_cg14005139,6.424165759657342e-05
meth_cg22260952,6.421665654885812e-05
meth_cg25437410,6.417203677477647e-05
rna_LOC653113,6.413337488181167e-05
mut_15499,6.411170861104164e-05
cnv_RN7SKP86,6.40337860974775e-05
meth_cg05782975,6.402763831860038e-05
meth_cg00581482,6.402628734866769e-05
meth_cg16576620,6.401020120933357e-05
meth_cg13578447,6.38941510933325e-05
meth_cg13307451,6.380442965600035e-05
mut_48,6.377124673480919e-05
meth_cg08624180,6.376074610884665e-05
meth_cg13412498,6.373583188549685e-05
meth_cg19592235,6.373184277983475e-05
meth_cg20888142,6.366339905275912e-05
meth_cg23076591,6.364410680475211e-05
meth_cg24725789,6.352010289556589e-05
meth_cg21972382,6.34918555279688e-05
meth_cg24845848,6.349148270839878e-05
meth_cg18323466,6.337666281064114e-05
meth_cg09273641,6.33643125019129e-05
mut_34478,6.320123759262473e-05
meth_cg18202336,6.319528582443e-05
cnv_MIR3621,6.315149905387045e-05
meth_cg19025234,6.314976399913121e-05
meth_cg03383295,6.308941626415736e-05
meth_cg06940482,6.308517926467225e-05
cnv_DBH,6.30276270390213e-05
rna_TRIML2,6.301835517815495e-05
meth_cg02685016,6.298199544983854e-05
meth_cg08988364,6.293562941006745e-05
meth_cg24918060,6.291822111683546e-05
cnv_NRCAM,6.287880953742355e-05
meth_cg07424592,6.27695959741529e-05
meth_cg02976719,6.276386633621056e-05
meth_cg08231709,6.272816724659179e-05
mut_7715,6.268699556017547e-05
meth_cg07923233,6.267478789909607e-05
meth_cg26323130,6.266857150659021e-05
mut_20966,6.260447276682107e-05
meth_cg08607907,6.25390909869485e-05
meth_cg04034767,6.249897877485664e-05
meth_cg03009871,6.238968978631262e-05
meth_cg13673164,6.235813527405972e-05
meth_cg09392940,6.215397472056819e-05
meth_cg08611411,6.209693524799572e-05
cnv_CYP3A7,6.19291089466822e-05
meth_cg09987129,6.192763854348338e-05
meth_cg09178190,6.169549224793385e-05
prot_EGFR-R-V,6.162873501011195e-05
cnv_RASA4B,6.154040636204836e-05
meth_cg22085539,6.151013137709656e-05
meth_cg19452535,6.147716631893614e-05
cnv_KRIT1,6.13960307042575e-05
cnv_TAF6,6.130855701829372e-05
cnv_DUS4L,6.124697635264156e-05
rna_RGN,6.122986232090613e-05
meth_cg08618802,6.118766319046113e-05
cnv_VGF,6.112315945668304e-05
meth_cg21474897,6.078204058636793e-05
meth_cg27326620,6.073235780825854e-05
meth_cg09722742,6.0528337218004186e-05
meth_cg12717594,6.042475045170462e-05
meth_cg06571407,6.0261103672259984e-05
meth_cg20265733,6.014666781027533e-05
meth_cg22374485,6.0077104304990366e-05
rna_TMEM105,6.003595736483884e-05
meth_cg24392532,5.964958791101685e-05
meth_cg16935295,5.960181304505172e-05
meth_cg20534596,5.9542341220423424e-05
cnv_LINC00423,5.9465972249212956e-05
meth_cg13814374,5.9053092031906684e-05
meth_cg02994349,5.894018947608721e-05
meth_cg25500050,5.889145496535797e-05
meth_cg27346806,5.885621473756199e-05
meth_cg12392528,5.8834420485942987e-05
meth_cg08232905,5.8312478047067054e-05
cnv_MIR4674,5.821917808219179e-05
meth_cg20665459,5.8140363377271106e-05
meth_cg22700091,5.812793845277105e-05
meth_cg11609760,5.811800233611577e-05
meth_cg11981631,5.80997949419002e-05
meth_cg16353957,5.779067774826487e-05
meth_cg05445632,5.762153786558202e-05
meth_cg08838671,5.741272836435371e-05
meth_cg13416213,5.727844490715651e-05
meth_cg00437985,5.724415621436716e-05
meth_cg06560887,5.723192019950125e-05
cnv_MIR548I2,5.72213198837408e-05
cnv_REXO4,5.6297374424556626e-05
meth_cg01499217,5.620474726849574e-05
meth_cg18390610,5.60391663716166e-05
meth_cg23392501,5.6022408963585436e-05
meth_cg10482596,5.525640053306175e-05
meth_cg21489303,5.469129800680604e-05
meth_cg06072021,5.4683479155944426e-05
meth_cg20893717,5.4518244013683014e-05
meth_cg00708380,5.4496495127372195e-05
meth_cg09021039,5.4496495127372195e-05
cnv_MIR5090,5.4482522861293905e-05
cnv_FGFRL1,5.311031299628202e-05
meth_cg13226172,5.236811705814401e-05
meth_cg16513416,5.229279407576188e-05
meth_cg04718428,5.1585522809979514e-05
meth_cg18287975,4.986767024277297e-05
meth_cg22304507,4.944122075535635e-05
meth_cg03662014,4.944122075535635e-05
meth_cg22965511,4.938988959907031e-05
meth_cg19343631,4.925703084198401e-05
cnv_RN7SL549P,4.923906513716853e-05
meth_cg08789053,4.9215131240349984e-05
meth_cg12130328,4.912243150684932e-05
meth_cg03100040,4.911682456340601e-05
meth_cg00803088,4.911682456340601e-05
meth_cg27341472,4.911682456340601e-05
meth_cg05871997,4.911682456340601e-05
meth_cg18310412,4.9055931599572506e-05
meth_cg17445007,4.905383453503946e-05
meth_cg24799909,4.904544806952558e-05
meth_cg23429746,4.904544806952558e-05
meth_cg25673084,4.903706447109768e-05
meth_cg11241436,4.903706447109768e-05
meth_cg09020665,4.903706447109768e-05
meth_cg15434569,4.9032873746581584e-05
meth_cg18357291,4.9022400068353675e-05
mut_30505,4.425859416356837e-05
meth_cg14192291,4.387235152936723e-05
meth_cg09386619,4.3843310313207435e-05
meth_cg05905176,4.383577342921812e-05
meth_cg24989739,4.382522614389569e-05
meth_cg22389279,4.37840274150969e-05
meth_cg20863963,4.3753038405444826e-05
meth_cg08862890,4.373427852732678e-05
meth_cg18946478,4.369493510016992e-05
meth_cg15355118,4.369243949453845e-05
meth_cg05303057,4.36818363501399e-05
meth_cg01777397,4.367809529247195e-05
meth_cg10455938,4.367435487554235e-05
meth_cg06912172,4.3659399611916443e-05
meth_cg03897252,4.3640097548453346e-05
meth_cg02282120,4.3636985910672526e-05
meth_cg18280382,4.3636985910672526e-05
cnv_CYP3A5,4.3614595210946414e-05
meth_cg24252925,4.3612108773730124e-05
meth_cg23243463,4.360837964942283e-05
meth_cg16117910,4.3608379649422814e-05
cnv_PDAP1,4.360527253295334e-05
meth_cg08673814,4.359719610189776e-05
cnv_SERPINE1,4.359719610189776e-05
meth_cg14249876,4.359595383957829e-05
meth_cg20459111,4.358601828903512e-05
meth_cg18505401,4.3575466727425495e-05
meth_cg26389727,3.336185853210118e-05
meth_cg08110542,3.3109933635862866e-05
meth_cg26688923,3.2928786502989534e-05
cnv_MUC17,3.2928786502989534e-05
meth_cg13463683,3.28768300719136e-05
meth_cg01509237,3.281008749356665e-05
meth_cg02486351,3.280727335105927e-05
meth_cg25780607,3.280633541082966e-05
meth_cg12517811,3.275857146935397e-05
meth_cg17617527,3.2730539946946576e-05
cnv_MYL10,3.271747498075443e-05
meth_cg04915780,3.27090815802976e-05
meth_cg14443519,3.269789707642332e-05
meth_cg18324126,3.269789707642332e-05
meth_cg22667491,3.269696537968372e-05
meth_cg00719143,3.268113465481887e-05
cnv_CYP3A43,3.268113465481887e-05
meth_cg20019410,3.185240340862081e-05
meth_cg15167646,3.1684519945768505e-05
meth_cg26624576,2.5998785298161037e-05
meth_cg21273703,2.3812117722129853e-05
meth_cg13876462,2.135829128309223e-05
meth_cg10540364,2.1319993942376768e-05
cnv_CHMP5,1.9465807355174388e-05
cnv_ZNHIT1,1.5606382044232485e-05
meth_cg10405604,1.5597272743351216e-05
meth_cg05478631,1.4208788708501658e-05
meth_cg00359911,1.254480286738361e-05
meth_cg02139871,1.2293999286730253e-05
meth_cg18465484,7.083293087349823e-06
meth_cg08181476,6.683973495196547e-06
meth_cg02989521,0.0
meth_cg07239592,0.0
meth_cg25343990,0.0
meth_cg08073882,0.0
meth_cg10164885,0.0
mut_16985,0.0
meth_cg13108646,0.0
cnv_LRWD1,0.0
cnv_PRSS3,0.0
cnv_RNA5SP280,0.0
meth_cg12915892,0.0
meth_cg08750951,0.0
cnv_UPK3BL,0.0
meth_cg26881713,0.0
meth_cg08575922,0.0
meth_cg06204735,0.0
meth_cg26834169,0.0
meth_cg05519431,0.0
meth_cg12938003,0.0
meth_cg24525913,0.0
meth_cg26001150,0.0
mut_21205,0.0
mut_23915,0.0
meth_cg26248173,0.0
meth_cg05038216,0.0
meth_cg12146386,0.0
meth_cg02434443,0.0
meth_cg01764082,0.0
meth_cg10537220,0.0
meth_cg25502144,0.0
cnv_ACHE,0.0
cnv_MIR25,0.0
meth_cg11721803,0.0
meth_cg17039391,0.0
meth_cg03469521,0.0
cnv_LINC00393,0.0
meth_cg26472636,0.0
mut_40140,0.0
meth_cg09183181,0.0
cnv_SNORD62B,0.0
meth_cg23363832,0.0
meth_cg17787134,0.0
meth_cg13754661,0.0
meth_cg02282626,0.0
meth_cg21556389,0.0
meth_cg00002719,0.0
meth_cg24583766,0.0
meth_cg01118451,0.0
cnv_MIR4467,0.0
meth_cg10718795,0.0
meth_cg15207826,0.0
cnv_BUD31,0.0
meth_cg05017199,0.0
cnv_PNPLA8,0.0
meth_cg16202970,0.0
mut_29322,0.0
mut_5769,0.0
meth_cg26720389,0.0
meth_cg11679177,0.0
meth_cg27648738,0.0
mut_27279,0.0
meth_cg01563031,0.0
cnv_SURF4,0.0
cnv_PDYN,0.0
mut_20239,0.0
meth_cg12804010,0.0
meth_cg07994622,0.0
meth_cg16019809,0.0
meth_cg18286501,0.0
mut_27678,0.0
meth_cg09376680,0.0
cnv_AP4M1,0.0
mut_7926,0.0
meth_cg14156405,0.0
meth_cg13795264,0.0
cnv_MIR4658,0.0
cnv_ATP5J2,0.0
meth_cg17137182,0.0
cnv_NELFB,0.0
cnv_ZBTB34,0.0
meth_cg12825804,0.0
mut_21575,0.0
meth_cg03384825,0.0
meth_cg09060772,0.0
cnv_FIS1,0.0
mut_8835,0.0
meth_cg00758296,0.0
meth_cg01566526,0.0
meth_cg10576051,0.0
meth_cg00522056,0.0
mut_11256,0.0
meth_cg16574134,0.0
meth_cg02584459,0.0
meth_cg14179389,0.0
meth_cg02882044,0.0
mut_601,0.0
meth_cg19967800,0.0
meth_cg05775895,0.0
meth_cg26729197,0.0
cnv_SNORA31|ENSG00000252582.1,0.0
meth_cg17580331,0.0
meth_cg02996869,0.0
mut_31457,0.0
cnv_GATAD1,0.0
cnv_ORC5,0.0
mut_23607,0.0
cnv_PLOD3,0.0
meth_cg26582643,0.0
meth_cg25932164,0.0
meth_cg13721429,0.0
meth_cg04828458,0.0
meth_cg10341556,0.0
meth_cg08632164,0.0
meth_cg05953927,0.0
meth_cg04170192,0.0
meth_cg16845486,0.0
meth_cg20656261,0.0
meth_cg18342462,0.0
meth_cg03781505,0.0
cnv_RPL7A,0.0
meth_cg22896991,0.0
meth_cg00800229,0.0
meth_cg15407528,0.0
meth_cg01139508,0.0
meth_cg24098938,0.0
meth_cg08718398,0.0
meth_cg22518696,0.0
cnv_GATS,0.0
meth_cg16398329,0.0
meth_cg13186327,0.0
cnv_GNGT1,0.0
meth_cg05141147,0.0
meth_cg16250461,0.0
meth_cg02585459,0.0
meth_cg16478236,0.0
meth_cg25782847,0.0
meth_cg03453638,0.0
meth_cg00282347,0.0
meth_cg05974274,0.0
meth_cg17818432,0.0
cnv_ZSCAN25,0.0
meth_cg18676790,0.0
meth_cg26922444,0.0
mut_25682,0.0
cnv_ARPC1A,0.0
mut_4523,0.0
meth_cg16474297,0.0
meth_cg23391785,0.0
meth_cg11421604,0.0
meth_cg05196820,0.0
meth_cg16764494,0.0
meth_cg18491375,0.0
mut_13299,0.0
meth_cg04780572,0.0
meth_cg21224977,0.0
meth_cg23045719,0.0
meth_cg27230038,0.0
meth_cg26124242,0.0
meth_cg04876835,0.0
meth_cg08898873,0.0
mut_3634,0.0
meth_cg16501308,0.0
cnv_RINT1,0.0
meth_cg07816392,0.0
mut_18039,0.0
meth_cg07708622,0.0
meth_cg02288301,0.0
meth_cg13689003,0.0
meth_cg13357482,0.0
meth_cg03580297,0.0
meth_cg19584875,0.0
meth_cg00510011,0.0
meth_cg02090033,0.0
meth_cg11948456,0.0
meth_cg18972849,0.0
meth_cg23478284,0.0
meth_cg01673994,0.0
meth_cg07812877,0.0
cnv_SNORA40|ENSG00000222966.1,0.0
meth_cg16877924,0.0
meth_cg17398252,0.0
meth_cg04067139,0.0
meth_cg20788415,0.0
mut_18023,0.0
meth_cg17330305,0.0
mut_11795,0.0
meth_cg04111064,0.0
mut_18403,0.0
meth_cg07642043,0.0
meth_cg26810816,0.0
meth_cg12825070,0.0
meth_cg15173134,0.0
meth_cg10614021,0.0
meth_cg14433314,0.0
mut_24720,0.0
meth_cg09588271,0.0
meth_cg23764381,0.0
meth_cg20309121,0.0
meth_cg27545919,0.0
meth_cg08258259,0.0
cnv_RN7SL343P,0.0
meth_cg24240466,0.0
meth_cg03908015,0.0
cnv_TUBB4B,0.0
meth_cg02527669,0.0
meth_cg24841822,0.0
meth_cg06590513,0.0
mut_25248,0.0
meth_cg20172627,0.0
meth_cg04389426,0.0
meth_cg06299833,0.0
meth_cg10946669,0.0
meth_cg00641009,0.0
cnv_TFPI2,0.0
meth_cg17133668,0.0
meth_cg23103993,0.0
mut_36115,0.0
meth_cg05293775,0.0
meth_cg19283506,0.0
meth_cg14655649,0.0
meth_cg04074140,0.0
cnv_AKAP9,0.0
meth_cg06700935,0.0
meth_cg03527422,0.0
rna_BCL2L10,0.0
cnv_ARMC10,0.0
cnv_NAPEPLD,0.0
meth_cg07370646,0.0
meth_cg19083779,0.0
cnv_COPS6,0.0
meth_cg19062189,0.0
meth_cg09073398,0.0
meth_cg26661034,0.0
meth_cg06650115,0.0
meth_cg16589214,0.0
cnv_SURF2,0.0
meth_cg04774496,0.0
mut_26190,0.0
rna_DEFB103B,0.0
cnv_RN7SL560P,0.0
meth_cg14182974,0.0
meth_cg25179291,0.0
meth_cg19716902,0.0
meth_cg06973595,0.0
meth_cg15344220,0.0
cnv_PMPCB,0.0
mirna_MIMAT0001413,0.0
cnv_ASS1,0.0
mut_5600,0.0
meth_cg23770904,0.0
meth_cg16650529,0.0
cnv_WDR5,0.0
meth_cg14986699,0.0
meth_cg12003064,0.0
meth_cg04497176,0.0
meth_cg20272619,0.0
meth_cg25264081,0.0
meth_cg25303599,0.0
meth_cg14580502,0.0
cnv_CCL21,0.0
meth_cg01247522,0.0
meth_cg09794131,0.0
meth_cg24474130,0.0
meth_cg26988895,0.0
meth_cg07754999,0.0
cnv_KAT6A,0.0
cnv_ZDHHC12,0.0
meth_cg02636497,0.0
cnv_NAT16,0.0
mut_23140,0.0
meth_cg19509715,0.0
meth_cg10349065,0.0
cnv_ZNF3,0.0
meth_cg26495865,0.0
meth_cg18337337,0.0
meth_cg08619651,0.0
cnv_GPC2,0.0
meth_cg24316515,0.0
meth_cg23245147,0.0
mut_1559,0.0
meth_cg04342821,0.0
meth_cg13849378,0.0
meth_cg13758646,0.0
rna_C4BPA,0.0
meth_cg12516059,0.0
cnv_SDCCAG3,0.0
cnv_TRIM4,0.0
meth_cg00268185,0.0
mut_36828,0.0
meth_cg27471304,0.0
meth_cg17456266,0.0
meth_cg06547386,0.0
meth_cg01692340,0.0
cnv_BAG1,0.0
cnv_SPTAN1,0.0
meth_cg09493063,0.0
meth_cg17186025,0.0
meth_cg15919396,0.0
cnv_RABL5,0.0
meth_cg02192967,0.0
mut_11151,0.0
meth_cg07499241,0.0
mut_36503,0.0
cnv_RNU4ATAC15P,0.0
meth_cg21389743,0.0
meth_cg26084529,0.0
meth_cg11571263,0.0
meth_cg20493960,0.0
meth_cg10992267,0.0
meth_cg18703601,0.0
meth_cg15788661,0.0
cnv_RN7SL254P,0.0
meth_cg25012864,0.0
meth_cg21561970,0.0
meth_cg22674613,0.0
meth_cg20409590,0.0
meth_cg27464184,0.0
cnv_snoU13|ENSG00000239133.1,0.0
cnv_LHX3,0.0
cnv_C9orf131,0.0
cnv_MUC3A,0.0
meth_cg01370014,0.0
meth_cg15482792,0.0
mut_9424,0.0
meth_cg23675084,0.0
meth_cg16964389,0.0
meth_cg17386265,0.0
meth_cg06525892,0.0
mut_9723,0.0
mut_16883,0.0
meth_cg25649038,0.0
meth_cg06458358,0.0
meth_cg18357048,0.0
meth_cg09016243,0.0
cnv_MIR4653,0.0
meth_cg22807592,0.0
mut_30281,0.0
mut_17824,0.0
meth_cg01086895,0.0
meth_cg03257341,0.0
cnv_INPP5E,0.0
meth_cg16364121,0.0
meth_cg13973813,0.0
meth_cg25402610,0.0
cnv_SLC26A5,0.0
meth_cg11253514,0.0
mut_26965,0.0
meth_cg01804570,0.0
meth_cg03110368,0.0
meth_cg27085904,0.0
meth_cg00353773,0.0
meth_cg10858746,0.0
meth_cg14535068,0.0
mut_12402,0.0
meth_cg01518188,0.0
meth_cg09400281,0.0
meth_cg01963134,0.0
meth_cg15690342,0.0
meth_cg23166656,0.0
meth_cg22509189,0.0
meth_cg23251359,0.0
mut_16383,0.0
meth_cg18232722,0.0
meth_cg02230854,0.0
meth_cg13207797,0.0
mut_108,0.0
meth_cg11352190,0.0
meth_cg10927719,0.0
meth_cg22839075,0.0
meth_cg09489306,0.0
meth_cg16022575,0.0
meth_cg24041078,0.0
meth_cg10118210,0.0
meth_cg10355837,0.0
meth_cg00767642,0.0
meth_cg22128431,0.0
cnv_MIR548G,0.0
mut_32323,0.0
meth_cg02337349,0.0
mut_17404,0.0
cnv_RABGAP1,0.0
cnv_CLDN15,0.0
meth_cg15674193,0.0
mut_22045,0.0
meth_cg14773260,0.0
meth_cg22602002,0.0
mut_19879,0.0
meth_cg09740671,0.0
mut_26705,0.0
meth_cg21159370,0.0
meth_cg27021357,0.0
meth_cg04787024,0.0
meth_cg14080967,0.0
meth_cg13619915,0.0
mut_26970,0.0
cnv_DENND2A,0.0
meth_cg13926279,0.0
meth_cg19082708,0.0
meth_cg13155001,0.0
meth_cg14195122,0.0
meth_cg24642320,0.0
mut_25233,0.0
meth_cg12970542,0.0
cnv_LAMB4,0.0
meth_cg21883802,0.0
mut_29661,0.0
meth_cg10229294,0.0
cnv_EFCAB10,0.0
meth_cg23649435,0.0
meth_cg23448584,0.0
meth_cg04100532,0.0
cnv_U8|ENSG00000200026.1,0.0
meth_cg05071623,0.0
mut_34058,0.0
meth_cg26841013,0.0
meth_cg12023625,0.0
meth_cg08684639,0.0
mut_31092,0.0
meth_cg20681578,0.0
meth_cg25363885,0.0
meth_cg11482794,0.0
meth_cg20399509,0.0
meth_cg20776829,0.0
meth_cg00347904,0.0
meth_cg21184256,0.0
cnv_CUX1,0.0
meth_cg05460318,0.0
meth_cg08578734,0.0
mut_38004,0.0
meth_cg04778271,0.0
meth_cg09785344,0.0
meth_cg07173275,0.0
meth_cg02120774,0.0
cnv_RPL12,0.0
meth_cg00560547,0.0
mut_29456,0.0
meth_cg01035160,0.0
cnv_ARPC1B,0.0
cnv_UFSP1,0.0
cnv_TRIP6,0.0
cnv_ZNF394,0.0
meth_cg16714055,0.0
meth_cg24914278,0.0
cnv_PDK4,0.0
rna_GPA33,0.0
mut_22048,0.0
meth_cg19156483,0.0
mut_6590,0.0
meth_cg05562381,0.0
mut_5695,0.0
meth_cg26365854,0.0
cnv_MCM7,0.0
cnv_C7orf43,0.0
meth_cg13149662,0.0
mut_4540,0.0
meth_cg19001226,0.0
mut_38630,0.0
cnv_MIR378D1,0.0
meth_cg18652923,0.0
meth_cg26936230,0.0
meth_cg24497186,0.0
cnv_MRFAP1,0.0
meth_cg05746795,0.0
cnv_MIR591,0.0
meth_cg12243375,0.0
meth_cg09465786,0.0
cnv_PSMC2,0.0
meth_cg05648010,0.0
meth_cg23057706,0.0
meth_cg01036409,0.0
meth_cg18610889,0.0
cnv_ASB4,0.0
meth_cg11117364,0.0
meth_cg17309441,0.0
meth_cg09053081,0.0
meth_cg01044883,0.0
meth_cg02485200,0.0
meth_cg12374431,0.0
meth_cg08688551,0.0
cnv_CNPY4,0.0
meth_cg17418463,0.0
meth_cg08511440,0.0
mut_27926,0.0
meth_cg20597013,0.0
meth_cg20062650,0.0
meth_cg23999695,0.0
meth_cg01234063,0.0
cnv_SRRT,0.0
mut_32930,0.0
meth_cg19754190,0.0
meth_cg01043119,0.0
meth_cg05937496,0.0
meth_cg17868910,0.0
cnv_ALKBH4,0.0
meth_cg15424739,0.0
meth_cg21303803,0.0
cnv_DYNC1I1,0.0
cnv_LRRC17,0.0
cnv_EXOSC2,0.0
meth_cg14472025,0.0
cnv_PRDM12,0.0
meth_cg26891150,0.0
meth_cg07380496,0.0
cnv_TAS2R41,0.0
meth_cg00795341,0.0
mut_19885,0.0
meth_cg17711717,0.0
rna_DLX2,0.0
meth_cg21294812,0.0
meth_cg20044860,0.0
meth_cg14904464,0.0
cnv_PTCD1,0.0
meth_cg14717170,0.0
meth_cg09347413,0.0
meth_cg27269921,0.0
meth_cg06830784,0.0
mut_17024,0.0
cnv_LAMTOR4,0.0
cnv_LYAR,0.0
cnv_CTNNBL1,0.0
meth_cg24081688,0.0
cnv_N6AMT1,0.0
meth_cg12742937,0.0
cnv_FKBP1A,0.0
meth_cg13574883,0.0
meth_cg02804087,0.0
meth_cg24393673,0.0
meth_cg18113535,0.0
meth_cg14465900,0.0
meth_cg13233166,0.0
meth_cg02978184,0.0
