Feature,Score
meth_cg03497419,179.0156143589234
meth_cg17641046,148.28948822913884
mut_29769,123.14113099467453
mut_3045,102.60296246263553
mut_29588,69.19235926432766
mut_21625,67.53805551947625
meth_cg26785250,62.61067233024897
mut_4174,62.2270023665995
mut_37124,62.03743306445083
mut_33362,58.6098537887916
meth_cg15860695,56.96859357990539
meth_cg05779300,55.93013348949106
mut_19316,54.91596384850041
meth_cg15066100,54.84690145263895
meth_cg07129253,54.44244918024869
meth_cg06686826,53.87458098742409
meth_cg24291087,53.71764022306257
mut_12438,52.850131784866804
meth_cg18357291,52.843511528354036
meth_cg25618087,52.65788546200565
mut_30505,52.295252334303505
meth_cg07696485,52.00038326772362
mut_40096,51.8813749518491
meth_cg18996590,51.572026952064824
meth_cg01460805,51.27543239135941
meth_cg26680047,51.15003491255305
meth_cg25780607,50.74187860163969
meth_cg04153495,50.096157148164274
meth_cg02282626,49.12297630234711
rna_MSH4,48.90427971370252
meth_cg01756288,48.70741276495569
meth_cg07838681,48.399929066703265
meth_cg26967579,48.326969285627456
meth_cg01755467,48.30906304731365
meth_cg23139473,48.0843070681092
meth_cg23307385,48.084077262128226
mut_9674,47.64305570821241
mut_25291,47.52000913546806
meth_cg18324126,47.507797243063294
meth_cg16250461,47.464771994689315
meth_cg03098937,47.42490584610586
meth_cg24816460,47.37509383311393
mut_16383,47.35072902163388
mut_36115,47.29932057394228
meth_cg18287975,46.72670391999731
meth_cg13848707,46.6092276284296
meth_cg09020665,46.42294917485863
meth_cg10673140,46.306267396211595
meth_cg22657536,46.233053657788396
meth_cg23087992,45.96417974523482
meth_cg12624667,45.333137975269786
meth_cg10636745,45.19996707873387
meth_cg15648026,45.12521088222872
meth_cg10166205,44.95130278277096
meth_cg24671202,44.92708166612873
meth_cg13173848,44.85672765264175
mut_7662,44.84764444199425
meth_cg17309441,44.58033183246107
meth_cg05194618,44.256609106097784
mut_9424,44.2130777526818
mut_29487,44.18193803559657
meth_cg04342821,44.11245643349306
meth_cg17547875,44.02241641563572
mut_16127,43.9891276382013
meth_cg02816003,43.815469995720456
meth_cg15190401,43.72676011073385
mut_23140,43.72203997577763
meth_cg05209770,43.62318536326269
meth_cg00325599,43.50925458323169
meth_cg20909354,43.50829932581139
meth_cg01969910,43.47181575382437
meth_cg13258190,43.41384631613533
mut_15500,43.336706082471395
meth_cg04576684,43.28400954329027
mut_25234,43.27925961978841
meth_cg12379948,43.25324725878779
meth_cg20537507,43.18380134640661
meth_cg09763175,43.1780015949755
mut_26965,43.17333733639616
meth_cg00109503,43.148821595728535
meth_cg18937827,43.097809772169036
meth_cg14018731,43.034236108382
meth_cg18559739,43.0167369682358
mut_28661,42.93670934313634
mut_29408,42.913485787999065
mut_30276,42.85917710727259
meth_cg11339445,42.79969293017944
meth_cg11291081,42.758275301785915
meth_cg25776856,42.712733160581514
meth_cg24497186,42.53003695750227
meth_cg15412498,42.51429941039718
meth_cg03753681,42.48290983823253
meth_cg07966910,42.394362343549446
meth_cg04879577,42.33100515451041
meth_cg19083779,42.30084894062612
meth_cg22264975,42.26414455275084
meth_cg23068731,42.04127486462845
meth_cg06912172,42.00425339015641
meth_cg25937714,41.78913340077879
meth_cg17730484,41.755207547462476
meth_cg25925764,41.74376033991589
meth_cg27522060,41.741939742510525
meth_cg14270348,41.54631015490658
meth_cg18740893,41.5393181349798
meth_cg12621514,41.50215255468779
meth_cg06015645,41.49161182503296
meth_cg15717926,41.46936144931799
meth_cg11142826,41.44689329665479
meth_cg00510011,41.37259040200813
meth_cg11988964,41.335422205579476
mut_29661,41.32068031786576
meth_cg09021039,41.31617540312818
meth_cg09239744,41.31012024660499
meth_cg11421604,41.24754502113755
meth_cg00719143,41.22694925971228
meth_cg23187159,41.21690996553763
meth_cg18414754,41.08263542482692
meth_cg13643796,41.081302958737524
meth_cg14773260,41.071304467106614
meth_cg07499707,41.06100386669552
meth_cg18254147,41.047393659234736
meth_cg07559696,41.03660684104094
meth_cg15649852,41.01428613387369
mut_19705,40.945033750521546
mut_16999,40.742416227384474
meth_cg14860120,40.72141060942523
meth_cg25991569,40.69892308021592
meth_cg14718568,40.68992644164554
meth_cg14383422,40.66908822387063
meth_cg26678605,40.64834341478079
mut_25682,40.605904315701736
meth_cg01573938,40.600334902914035
meth_cg04915780,40.58258584736581
meth_cg16785690,40.440459705196105
meth_cg16562959,40.402365036005264
meth_cg07850604,40.40035038210679
meth_cg17408973,40.39271460206091
mut_11685,40.38693694789705
mut_38889,40.38693694789705
meth_cg06802522,40.38320976518906
meth_cg15592945,40.3806745504827
meth_cg21051989,40.376324672051446
meth_cg09444392,40.33685429614927
meth_cg11299333,40.3352936178403
meth_cg05460318,40.3008265419523
meth_cg08078694,40.235659395733734
meth_cg08265644,40.093401527207895
meth_cg17330305,40.07192299246719
meth_cg22700091,40.027289901496395
meth_cg25066490,39.98384438290853
mut_9131,39.946451494590136
mut_40466,39.946451494590136
meth_cg20263839,39.89137970210325
meth_cg12023625,39.83766416823951
meth_cg16611264,39.801711513025495
meth_cg08226111,39.780283974181444
meth_cg08898873,39.751052184039466
meth_cg23057706,39.74351055942948
meth_cg00100121,39.74122583833615
meth_cg09284026,39.74037105190512
mut_9423,39.72922212258085
meth_cg18946478,39.694367851883946
meth_cg00800229,39.65478879872951
mut_15499,39.62536316518015
meth_cg20272619,39.61264349444595
meth_cg00359911,39.5152823475385
meth_cg00906644,39.4829473023897
mut_18039,39.30513708922217
meth_cg18206952,39.29444089296133
meth_cg14655649,39.269595843010634
meth_cg25363885,39.26945024264085
mut_20239,39.23310675729707
meth_cg05293775,39.220689433919134
meth_cg21385047,39.21414199611388
meth_cg09309913,39.133956683190604
meth_cg18333921,39.11373597837064
meth_cg00585558,39.10507588017665
meth_cg10614021,39.090308261886456
meth_cg09953239,39.088367861643036
meth_cg17689707,39.0317243946628
mut_7802,39.020311753788086
mut_15498,39.00195411449662
meth_cg25836955,38.96393833315937
meth_cg10349065,38.87153548235638
meth_cg18949300,38.85120021788056
mut_19879,38.8148460448836
meth_cg15075170,38.80635077550604
meth_cg13876462,38.74894111902063
meth_cg17321214,38.73461987642463
meth_cg00607526,38.731462047397194
meth_cg20361909,38.73001311028848
meth_cg08718398,38.71565713422059
mut_13517,38.706438772961945
mut_37493,38.706438772961945
mut_39479,38.706438772961945
meth_cg06836772,38.58101653078124
meth_cg13307451,38.54477556439723
meth_cg24126187,38.51853313367616
meth_cg13346411,38.518007993551514
meth_cg05303057,38.477012365742745
meth_cg19549023,38.351785096906866
meth_cg25617691,38.34029923854915
meth_cg18703601,38.31605927344596
meth_cg02320454,38.31515812789694
meth_cg13958426,38.27741023514254
meth_cg25179291,38.272371181426465
meth_cg21032058,38.22343683452779
meth_cg15434569,38.20550367911311
meth_cg16079958,38.17797263436657
meth_cg05500125,38.12690541315324
meth_cg11571263,38.12680020117913
meth_cg27092035,38.103030683233406
meth_cg15955731,38.0655668534403
meth_cg20298895,38.05753054769679
meth_cg10576051,38.04678884696907
meth_cg26281453,38.03851651135976
meth_cg25947878,38.03677577675321
meth_cg20399509,38.01447468676502
meth_cg16430166,38.01160812930639
meth_cg17676607,37.98413162427944
meth_cg07735777,37.9836239565651
meth_cg03017520,37.98074652181646
meth_cg20493960,37.9475002771748
meth_cg24511054,37.93753435960148
meth_cg22935149,37.917825884875214
meth_cg00119057,37.88136727171289
meth_cg19063564,37.869683811080485
meth_cg10928087,37.86526703423216
meth_cg14455998,37.864534568174406
meth_cg06571407,37.83753085283518
meth_cg12516059,37.784135771384896
meth_cg22232207,37.74197986222199
meth_cg05268203,37.699169144919495
meth_cg27269921,37.64455196760444
meth_cg18172881,37.638483228986296
meth_cg17023776,37.57077707817183
meth_cg13548601,37.559783212332206
meth_cg05141147,37.52653345112912
meth_cg16763089,37.500020560988155
meth_cg03506033,37.49547275678353
meth_cg16117910,37.427201447930955
meth_cg11912330,37.41340150638932
meth_cg13673164,37.387697725389984
meth_cg24918060,37.3853195121987
meth_cg15207826,37.383831298771554
meth_cg21005154,37.36096666949681
meth_cg08110542,37.30467441179228
meth_cg02882044,37.27313627409444
meth_cg11679177,37.25934513724247
meth_cg24198584,37.255488348083766
meth_cg17439093,37.252347572008084
meth_cg22773093,37.23460323884576
meth_cg04924141,37.228970317984285
meth_cg19716902,37.217011037356926
meth_cg09661010,37.20803475514188
meth_cg00691999,37.16765647839649
mut_613,37.155603589021375
meth_cg25281171,37.14790652320444
meth_cg08258259,37.10604281839495
meth_cg20251161,37.09445944409369
meth_cg11654179,37.091015835692936
meth_cg25810484,37.05275661328774
meth_cg08458292,37.05038033537983
meth_cg04774496,36.99457061588378
meth_cg12020549,36.98239837978162
meth_cg19967800,36.96873228348314
meth_cg12825804,36.9656401058091
meth_cg24500900,36.96126479441657
meth_cg07812877,36.94562140336149
meth_cg04100696,36.892295843046554
meth_cg13814374,36.88506158879348
meth_cg17039391,36.83660329936617
meth_cg19592235,36.82221857735728
meth_cg25343990,36.79394673900898
meth_cg12921961,36.76891537518275
meth_cg09248482,36.750526562465545
mut_15752,36.735378521410716
meth_cg11841529,36.71314352665022
meth_cg12436377,36.67690557601894
meth_cg14904464,36.67497822540476
meth_cg08618802,36.66940427908911
meth_cg08675193,36.662662427082424
meth_cg20238128,36.6587569039059
meth_cg21224977,36.65678365547939
meth_cg23076591,36.64232722802074
meth_cg11976166,36.640719222174205
meth_cg23764381,36.618663317066684
meth_cg09465786,36.60230043829313
meth_cg03527422,36.54783532859254
mut_28904,36.53376697839819
meth_cg22965511,36.49627568002738
meth_cg02264922,36.47458780340696
meth_cg05347878,36.42247846399715
meth_cg03162045,36.41278819948356
meth_cg22480742,36.37528753805699
meth_cg22839075,36.341319624611124
meth_cg20062650,36.32175348144394
meth_cg11537367,36.308935882107974
meth_cg26410484,36.278534128069865
meth_cg04389426,36.27603129347945
meth_cg06994813,36.233157879880565
meth_cg02397176,36.186197559154415
meth_cg19244428,36.17543586209729
meth_cg05670953,36.1644025625601
mut_10638,36.1063163433021
mut_25612,36.1063163433021
meth_cg04156369,36.0735715761875
meth_cg26642655,36.04491190528838
meth_cg23855505,36.033742053114445
meth_cg01940855,36.001783570150785
meth_cg10376408,35.992979243280814
meth_cg13909585,35.985497992031945
meth_cg25425784,35.98400232911769
meth_cg06040683,35.976069505131925
meth_cg14465900,35.95364462695071
meth_cg22389730,35.93702173873663
mut_12402,35.92816939158403
mut_24190,35.92816939158403
mut_7715,35.92816939158403
meth_cg14981807,35.90599877486053
meth_cg05337177,35.878836660185655
meth_cg02878891,35.87784688975261
meth_cg22959667,35.87475351946693
meth_cg01764082,35.84839375864337
meth_cg03745431,35.8478841843235
meth_cg01274715,35.81593844736964
meth_cg10858746,35.786468267329695
meth_cg01742897,35.76644196420552
meth_cg23118086,35.753785402623045
meth_cg21920859,35.75221480648242
meth_cg26135506,35.7478073361713
meth_cg18357048,35.74162772740791
meth_cg02230854,35.72238203992279
meth_cg05775895,35.706097931748445
meth_cg19540689,35.70304456377481
meth_cg00020191,35.66671173961122
meth_cg11386792,35.63807754894486
meth_cg08047907,35.6254876107374
meth_cg12614213,35.61757207835323
meth_cg24654525,35.60902680967763
meth_cg18652923,35.602533612198066
meth_cg02282120,35.598210470430644
meth_cg13926279,35.580610712733
meth_cg16964389,35.56866845324018
mut_29432,35.562440744752884
meth_cg27193031,35.55087285929348
meth_cg15482792,35.53247383496767
meth_cg23045719,35.528937661463885
meth_cg10164885,35.502475671000475
meth_cg19166660,35.47469834837544
meth_cg01162104,35.46496583589545
meth_cg13334650,35.44718511888682
meth_cg06480249,35.44200131148305
meth_cg14235416,35.43093220108504
meth_cg07629187,35.424340083322114
meth_cg09183181,35.41035149059729
meth_cg16353957,35.37987592605803
meth_cg08249424,35.36733105315276
meth_cg26810816,35.36148804970604
mut_7926,35.35652544792264
mut_28181,35.33539770601852
mut_14784,35.33539770601852
meth_cg00018128,35.33084934632475
meth_cg13207797,35.3041751744608
meth_cg13690989,35.30186499767879
meth_cg02776659,35.29803262968569
meth_cg11606461,35.26798448046611
meth_cg14182974,35.26152520708349
meth_cg16478236,35.25437846016261
meth_cg09667303,35.24779725013827
meth_cg14499413,35.18334191961471
meth_cg07173275,35.164865430373226
meth_cg15478390,35.16420577702145
meth_cg05746795,35.154131880170816
meth_cg09559047,35.150485892917835
meth_cg17580331,35.149004229877576
meth_cg06299833,35.14704614829211
meth_cg26859365,35.13968799500177
meth_cg26951364,35.13960884467987
meth_cg03672342,35.124135665513705
meth_cg24480695,35.12258106105702
meth_cg00901264,35.121862810411194
meth_cg10992267,35.08794890601703
meth_cg00967901,35.08152319738274
mut_5769,35.04453459989381
mut_14356,35.04453459989381
mut_14253,35.04453459989381
mut_15246,35.04453459989381
mut_108,35.04453459989381
mut_601,35.04453459989381
meth_cg01678714,35.02263393721655
meth_cg04569381,35.02124580670867
rna_SEMG2,34.989462843895765
meth_cg17563235,34.9848529319059
meth_cg17186025,34.97116514132605
meth_cg16877924,34.97050814854765
meth_cg01692340,34.945869892434686
meth_cg04674803,34.9431810508564
mut_17210,34.916744533533134
mut_4058,34.916744533533134
mut_32930,34.916744533533134
mut_18023,34.87780250482512
meth_cg14195122,34.85677915944287
meth_cg25464210,34.85594926967267
meth_cg00443645,34.85534635815787
meth_cg18876786,34.85024397452491
meth_cg01777397,34.84355363855638
meth_cg02585459,34.821383504813866
mut_21443,34.820337790785004
mut_27178,34.8160757609071
mut_7450,34.8160757609071
meth_cg17009433,34.81492452064228
meth_cg21068911,34.80701569194733
meth_cg02989521,34.80434934161291
meth_cg07380496,34.79635736582774
meth_cg08232905,34.788842147821306
meth_cg13463683,34.778895125164695
mut_20498,34.77428970420747
mut_3519,34.77428970420747
mut_34058,34.77428970420747
meth_cg22273427,34.75695203178685
meth_cg20665459,34.67882364584172
meth_cg07499241,34.66059405686016
meth_cg27101125,34.65064921866379
meth_cg11948456,34.640240953019365
meth_cg20888142,34.62911549564218
meth_cg18328894,34.628437903700316
meth_cg02996869,34.62664200443556
meth_cg17729873,34.62106706318544
meth_cg26780998,34.594577801197396
meth_cg15454726,34.58507363034275
meth_cg15603424,34.57902284961735
meth_cg23969342,34.5765875382705
meth_cg25611476,34.5631177303932
meth_cg24474130,34.55850836759231
meth_cg20973347,34.52992811226569
meth_cg01804570,34.52154612202849
meth_cg22518696,34.517381322474684
meth_cg10405604,34.51196671589975
meth_cg14178748,34.50588068702695
meth_cg01394819,34.466961902141556
meth_cg03774026,34.445794476527446
meth_cg02430347,34.43802211511647
meth_cg12539796,34.432350144728645
meth_cg16501308,34.413952074903314
meth_cg13764106,34.37273400204876
meth_cg08575922,34.365067910434625
meth_cg17491987,34.32798136376671
meth_cg05958740,34.2286557603994
meth_cg08511716,34.22131673885031
meth_cg24081688,34.21418528537482
meth_cg18342462,34.17871256634065
meth_cg16354296,34.145447169290684
meth_cg08912146,34.11112291373411
mut_17024,34.074386050313215
meth_cg19729116,34.071969871801485
meth_cg08988364,34.03746520716266
meth_cg22932815,34.024080307908704
meth_cg03533005,34.022638310073894
meth_cg04428701,34.00521954037046
meth_cg07642043,33.99057172639711
meth_cg15488251,33.98711927505324
meth_cg26614154,33.98561923195399
meth_cg13483026,33.97979431102824
meth_cg23378989,33.979257116444394
meth_cg27045447,33.960720850105794
meth_cg23719318,33.92808664762757
meth_cg02788400,33.92016108892572
meth_cg02978184,33.86849254707552
meth_cg19343631,33.866324645306385
meth_cg20681578,33.861310756908644
meth_cg09320746,33.85752490413445
meth_cg21972382,33.78592014398337
meth_cg16882226,33.770720495739276
meth_cg00708380,33.765896045988804
meth_cg18444347,33.736420628250215
meth_cg24562819,33.70363782940536
meth_cg10946669,33.70347502296378
mut_3634,33.693536728103034
meth_cg05052633,33.69243575025766
meth_cg05071623,33.68744783592165
meth_cg09360501,33.63176119498984
meth_cg22260952,33.6219897797565
meth_cg20534596,33.58479134985359
meth_cg10209441,33.566942526751056
meth_cg03781505,33.55106720177246
meth_cg15424739,33.54001653455282
meth_cg00268185,33.5225904183351
meth_cg01190692,33.514469688005434
meth_cg11826826,33.46088690848771
meth_cg00281842,33.45477106171244
meth_cg23277376,33.44781438561898
meth_cg18552861,33.434610234891956
meth_cg00002719,33.412359423856785
meth_cg05937496,33.38862566092652
meth_cg05038216,33.380724523289906
meth_cg25395413,33.364131344217064
meth_cg05106294,33.355496849603206
meth_cg20532370,33.3461000461324
meth_cg27326620,33.34536760679042
meth_cg00767642,33.335886562252995
meth_cg00278028,33.31764301592755
meth_cg24545961,33.31432754722009
meth_cg20597013,33.302253207254125
meth_cg17445007,33.29535549612624
meth_cg15229124,33.28784875534933
meth_cg11609760,33.2771804758537
meth_cg24843474,33.26980412118301
meth_cg16019809,33.26935351897817
meth_cg14156405,33.266790767305906
meth_cg24924091,33.25656246511763
meth_cg00282347,33.23724222478579
meth_cg20560075,33.23279242736953
mut_8298,33.218360633528235
meth_cg24102241,33.19820579824965
meth_cg24525913,33.188311900614906
meth_cg27378537,33.138038706347
meth_cg15901259,33.12247830264513
meth_cg10932068,33.095325777962195
meth_cg20656261,33.095211248421634
meth_cg09567473,33.078262705988024
meth_cg05385513,33.07035764402407
meth_cg18713528,33.052834801239555
meth_cg06650115,33.042731560442434
meth_cg06525892,33.03095407721822
meth_cg05218346,33.01894231625616
meth_cg00368636,33.00234779920017
meth_cg26881713,32.99776697381169
meth_cg21273703,32.94368671157961
meth_cg15344220,32.937400663212046
meth_cg15624852,32.93137372150082
meth_cg04301104,32.920668079157615
meth_cg25255293,32.90491464054781
meth_cg10347759,32.90428159728127
mut_4880,32.86584746482911
meth_cg07816392,32.80839158945397
meth_cg23337754,32.804640218527226
meth_cg07873980,32.79269346362513
meth_cg25428398,32.79133140104098
meth_cg08568512,32.78401159555235
meth_cg17456266,32.74556979608574
meth_cg18567682,32.740962396020414
meth_cg02434443,32.73589861271655
meth_cg05953927,32.71856328080622
meth_cg12510981,32.7164690253081
meth_cg02994349,32.7142159691286
meth_cg03761649,32.70840840630988
meth_cg02367660,32.70092680422187
meth_cg17934824,32.697104592049364
meth_cg08568720,32.67192205552205
meth_cg19734015,32.66108871933886
meth_cg20761860,32.64464484124814
meth_cg09987129,32.64334788371788
meth_cg09669356,32.63852649391856
meth_cg02564134,32.63658990209261
meth_cg24098938,32.629932942265874
meth_cg17470837,32.61834337468167
meth_cg22472148,32.616878988654186
meth_cg05998639,32.615962554506346
meth_cg22667491,32.59285827491297
meth_cg01616178,32.553633244694886
meth_cg25688113,32.52636029747246
meth_cg14468913,32.519256391414935
meth_cg26720389,32.50336836406916
meth_cg00064255,32.50106208978805
meth_cg10030636,32.49673433167041
meth_cg22889755,32.48883432563021
meth_cg17245188,32.483168005583885
meth_cg01118451,32.47644210020872
meth_cg16531271,32.43720352987583
meth_cg26961808,32.43286333818065
meth_cg25497529,32.41861918800082
meth_cg20309121,32.39978770099487
meth_cg22496102,32.39901110427552
meth_cg14472025,32.38949537839035
meth_cg07104652,32.38441690106304
meth_cg14326413,32.37250707964562
mut_12322,32.370525214095274
meth_cg22751696,32.34503362026817
meth_cg17054969,32.34467766286183
meth_cg14986699,32.34395250113496
meth_cg02780295,32.34315241033977
meth_cg18210732,32.33748109892916
meth_cg15543173,32.32856923145287
meth_cg16513416,32.31797255284512
meth_cg21303803,32.267737963235774
meth_cg13412498,32.263206288218825
meth_cg18323466,32.25603398792385
meth_cg22424536,32.23004381716369
meth_cg25206760,32.22405962880856
meth_cg06570167,32.217959603257015
meth_cg04569837,32.187611383407244
meth_cg00032756,32.18044052044486
meth_cg12082598,32.167128468982945
meth_cg21883802,32.16667473802688
meth_cg08725962,32.16139201038899
meth_cg15727308,32.15377555206664
meth_cg26053073,32.14555378587782
meth_cg16658099,32.14125364870849
meth_cg26366107,32.13175486596978
meth_cg01044883,32.117020845643005
mut_36503,32.11080139372823
mut_26705,32.11080139372823
mut_23564,32.11080139372823
mut_40140,32.11080139372823
mut_4540,32.11080139372823
mut_1342,32.11080139372823
meth_cg00547789,32.095808336926794
rna_TNFSF9,32.09480168303836
mut_10763,32.09334551015434
meth_cg03009871,32.09178085472465
meth_cg10229294,32.09155725236077
meth_cg02192967,32.0884788430233
meth_cg17133183,32.07565717963767
meth_cg06718073,32.075563200157305
meth_cg12027636,32.07455351960892
meth_cg24624406,32.07169985429298
meth_cg14364356,32.067817003314886
meth_cg16502595,32.03916131236387
meth_cg05905176,32.03517741667954
mut_4353,32.03294998504682
meth_cg03897252,32.02963152312329
meth_cg04593571,32.02697958041191
meth_cg01370014,31.983265937287182
meth_cg11241436,31.98168703380537
meth_cg23066860,31.94612326045817
meth_cg10734240,31.936768586033942
meth_cg09131629,31.92613276353621
meth_cg12167830,31.9225166638714
meth_cg09400281,31.915584140799194
meth_cg18993701,31.90270249051037
meth_cg19083459,31.902616008671547
meth_cg11019211,31.880704973828685
meth_cg11856078,31.858474988048005
meth_cg04030615,31.854089138347952
meth_cg00347904,31.846318509002142
meth_cg22747076,31.835512884075797
meth_cg09376680,31.832968075278945
meth_cg27066284,31.83236968687716
meth_cg18406472,31.830038354036954
meth_cg16574134,31.82881368755265
meth_cg11117364,31.822156425174345
meth_cg16003102,31.800039636167135
meth_cg07441272,31.796920792370514
meth_cg13578447,31.79382932944279
meth_cg17160382,31.793332732474266
meth_cg04457196,31.77813607086223
meth_cg19247841,31.77038203934474
meth_cg17137182,31.766707552545565
meth_cg22304507,31.76430448923906
rna_PCLO,31.752438672044136
meth_cg08688551,31.750744866679742
meth_cg17868910,31.745623666146628
meth_cg08511440,31.731903617647543
meth_cg02202980,31.72327200112522
meth_cg17870792,31.69987270403876
meth_cg05562381,31.695372010949125
mut_10023,31.692091569687
mut_5814,31.692091569687
meth_cg05505803,31.680529108800997
meth_cg03028236,31.665715162541765
meth_cg26515460,31.64486264099011
meth_cg23217512,31.63817894757816
meth_cg08263589,31.62899199276291
meth_cg13615338,31.627468818038004
meth_cg08104202,31.603110195910073
meth_cg03755177,31.602280860811554
mut_9928,31.594121447281193
meth_cg20863963,31.586308550673873
meth_cg19754190,31.58310516810735
meth_cg11775528,31.57821191761578
mut_16985,31.569807754505646
meth_cg03960951,31.55671239842327
meth_cg25932164,31.541863753312594
meth_cg25602490,31.53047221571366
meth_cg20127035,31.52820389950099
mut_17173,31.527821515293933
meth_cg06973595,31.519835170692968
meth_cg20255775,31.489311579827508
meth_cg07236798,31.480399590584074
meth_cg01499217,31.47803218322165
meth_cg02139871,31.47510022152685
meth_cg20674701,31.463824660653394
meth_cg02917917,31.46225845675083
meth_cg08383338,31.44830618258079
meth_cg02486351,31.43055877129477
meth_cg08536228,31.424631206845053
meth_cg11820517,31.42244728690654
meth_cg13936125,31.414993659144656
meth_cg19025435,31.40778535620567
meth_cg00437985,31.392313300834747
meth_cg20019410,31.391488673791514
meth_cg23363832,31.38962179551716
meth_cg04371288,31.388090102350446
meth_cg02759110,31.363568751589217
meth_cg04825327,31.361193161504804
meth_cg23635429,31.35434999412842
mut_13370,31.344609528694246
meth_cg18676790,31.342865598970803
meth_cg08607907,31.337729803230115
meth_cg05084391,31.335178945035775
meth_cg12081932,31.33512271365658
meth_cg04787024,31.30047268699682
meth_cg26057780,31.27879501785609
meth_cg09785344,31.27713565878411
mut_31633,31.27085184653037
mut_31009,31.27085184653037
mut_22421,31.27085184653037
meth_cg14026538,31.266194143082387
meth_cg23108709,31.26011326794354
meth_cg18935813,31.256158378442084
meth_cg03662014,31.255541523567963
meth_cg01696193,31.253586441324387
meth_cg17014009,31.251118557691598
meth_cg21624739,31.24683424131559
meth_cg21309100,31.246229234453093
meth_cg07673133,31.243324473192644
meth_cg12392528,31.240168640623942
meth_cg19082708,31.23323144629541
meth_cg23392501,31.229072434882603
mut_12223,31.22750387854687
mut_25942,31.22750387854687
mut_11795,31.22750387854687
mut_38475,31.22750387854687
mut_39719,31.22750387854687
meth_cg23109129,31.208178978314933
meth_cg23032045,31.206190822590422
meth_cg01151699,31.205434427774428
meth_cg01105494,31.19821252403613
meth_cg03383295,31.196162019900182
mut_25156,31.183720536799395
meth_cg00829961,31.17554644437823
meth_cg01141940,31.16202386574672
mut_22811,31.15296586034115
mut_29322,31.15296586034115
rna_KCNRG,31.13761981687843
meth_cg19283506,31.135689063970148
meth_cg26559315,31.124602203909582
meth_cg21184256,31.1177938882511
meth_cg11416076,31.117047186557045
meth_cg25402610,31.097354954422716
meth_cg18491375,31.089348143234417
meth_cg26886381,31.058092134003186
meth_cg12742937,31.048823511848898
mut_34127,31.047545107840435
mut_3443,31.047545107840435
mut_8328,31.047545107840435
mut_9902,31.047545107840435
meth_cg21656726,31.04600212547541
meth_cg26988895,31.038374864163927
meth_cg01720991,31.036632042792146
meth_cg25840208,31.031341669397968
meth_cg10537220,31.01011558906585
meth_cg06564900,31.005137843065373
meth_cg00703260,30.99584245388529
meth_cg10076031,30.98235099321044
meth_cg12130328,30.96177455151373
meth_cg06926782,30.950460970430584
meth_cg20593611,30.936057311038194
meth_cg16676492,30.935371251812523
meth_cg12970542,30.926425424966247
meth_cg11715903,30.910146404376377
meth_cg25475603,30.90111630019844
meth_cg02337349,30.898317011562874
meth_cg16845486,30.884266379148286
meth_cg22128431,30.86459390246422
meth_cg06530490,30.863793828288816
meth_cg15971010,30.860319897617007
meth_cg11352190,30.85749778009636
meth_cg15576900,30.8550027319731
meth_cg11752586,30.845274607062947
meth_cg16585306,30.842342354627846
meth_cg17512353,30.833880222467815
meth_cg13226172,30.824856703891744
meth_cg04111064,30.82336390654708
meth_cg22669058,30.81227668426072
meth_cg12880602,30.809812366652743
meth_cg26985686,30.803182364597752
meth_cg10086212,30.798574754447387
meth_cg21557668,30.796048247534177
mut_25941,30.786305011690164
meth_cg22509189,30.786183035356785
meth_cg24989739,30.786079532090902
meth_cg05425577,30.784111331799853
meth_cg13721429,30.779305838754205
meth_cg11482794,30.77713510576028
meth_cg01247522,30.77500719404916
meth_cg23675084,30.760088960718367
meth_cg26839871,30.747174835022143
meth_cg13451280,30.74054384292513
meth_cg13233166,30.737086379917535
meth_cg24182470,30.732472340865794
meth_cg12146386,30.732237222606297
meth_cg00116554,30.693784438201753
meth_cg03384825,30.680083171826173
meth_cg07239592,30.67631269703741
meth_cg15355118,30.671061252644964
meth_cg06899755,30.663713178627706
meth_cg14208112,30.65818777435556
meth_cg13000082,30.650318300079253
meth_cg11419456,30.64165308265025
meth_cg05151621,30.639321849971232
meth_cg13428480,30.62882907414732
meth_cg01139508,30.615273319268564
meth_cg00270778,30.604382495189927
meth_cg04851935,30.603227204437804
meth_cg14535068,30.602013941266403
meth_cg22991512,30.588800446921713
meth_cg12612104,30.58872723746364
meth_cg20749730,30.58635930672558
meth_cg26437112,30.58233359591811
meth_cg04066019,30.574395443769426
meth_cg13355248,30.57427208511034
meth_cg11244340,30.572306480163515
meth_cg02038168,30.570681305938276
meth_cg16295145,30.563662195124035
meth_cg24642320,30.55421990994517
meth_cg24799909,30.553135395941514
meth_cg27230038,30.545493770489557
meth_cg09722742,30.545460643478684
meth_cg12717594,30.515689068124427
meth_cg19191500,30.50346567941656
meth_cg25012864,30.498936278599615
meth_cg17558827,30.48117106753605
meth_cg13634242,30.475521662727083
meth_cg12615137,30.47463409255559
meth_cg15452573,30.469477354236083
meth_cg14488905,30.463484389432633
meth_cg15336997,30.461214359762405
meth_cg13640626,30.44552290814884
meth_cg25264081,30.431121202887535
mut_23607,30.425641822995644
meth_cg15696662,30.42365126701484
meth_cg01458228,30.404375237035534
meth_cg21294812,30.40337388110589
meth_cg01035160,30.402879506655566
meth_cg13973813,30.39809528131102
meth_cg07875430,30.39447317855505
meth_cg18113535,30.387996450842916
meth_cg16652741,30.37209278655136
mut_26515,30.365845773608022
meth_cg06940482,30.365156589610905
meth_cg17418463,30.35775417430943
meth_cg04884011,30.35556401994215
meth_cg18232722,30.35548216337275
meth_cg14580502,30.352199146116238
mut_25233,30.34458696563568
meth_cg02527669,30.33705789558696
meth_cg16368442,30.336570717078505
meth_cg10355837,30.323198479898913
mut_16883,30.322031472856427
mut_33808,30.322031472856427
meth_cg08789053,30.321659795557
meth_cg03580297,30.319602791109453
meth_cg19532257,30.316025908354646
meth_cg06577045,30.31389665746066
meth_cg06497198,30.306287313124184
meth_cg11982072,30.306014574339574
meth_cg14861020,30.29475318168539
meth_cg17027195,30.291595448919082
meth_cg00975979,30.27723640700738
meth_cg11253514,30.26918715970325
meth_cg24124029,30.25731766701504
meth_cg14380111,30.255876561044253
meth_cg05600740,30.25508588531669
meth_cg21548032,30.236967354545538
meth_cg18875460,30.229965302584194
meth_cg23363014,30.22687063339413
meth_cg07131451,30.211594552460852
meth_cg04099652,30.176480277269917
meth_cg10482596,30.15983316174328
meth_cg16202970,30.15253065155224
meth_cg19763319,30.15102590474157
meth_cg22085539,30.149933610650354
meth_cg09958967,30.14479551455697
meth_cg08287265,30.144542575096814
meth_cg05130679,30.14071242147973
meth_cg26084529,30.13821421244734
meth_cg02979001,30.12076292736659
meth_cg16785698,30.110574349519407
meth_cg26993729,30.101931071138075
meth_cg13849378,30.08953835925353
meth_cg05196820,30.07979469170614
meth_cg11031701,30.064640836831344
meth_cg10669265,30.055851449423315
meth_cg23166656,30.030776230625982
meth_cg25449542,30.02794430545768
meth_cg02685016,30.011543782070298
meth_cg10540364,30.00436713481396
meth_cg04578997,29.98498420234388
meth_cg13498289,29.984848797107716
meth_cg08578734,29.981051163409727
meth_cg06560887,29.979562859221595
meth_cg21231789,29.97692791887045
meth_cg03438943,29.962197061331064
meth_cg25761326,29.959590970035148
meth_cg22681934,29.9453288796168
meth_cg13648501,29.941283599916634
meth_cg25673084,29.940259810361155
meth_cg04199943,29.938143589434066
rna_C11orf20,29.93737513519489
meth_cg12109566,29.927929886806364
meth_cg23478284,29.924676601696802
meth_cg09935045,29.923521377993087
meth_cg04828458,29.91874525671207
meth_cg15198101,29.91661523545376
meth_cg23498273,29.908377220062846
meth_cg20459111,29.907757999778593
meth_cg16512615,29.896794899219948
meth_cg14251622,29.884314173560796
meth_cg07370646,29.881016847436868
meth_cg24316515,29.88033267465619
meth_cg08044969,29.874441413267217
rna_TTR,29.86810349465554
meth_cg05022673,29.86605841026559
meth_cg15919396,29.855580419310925
meth_cg07923233,29.85472500274827
meth_cg21107549,29.854225507591927
meth_cg11398523,29.853424522618216
meth_cg09155701,29.85236003760623
meth_cg08812555,29.846957247337947
meth_cg25315855,29.8393261559898
meth_cg03052970,29.838632538848866
meth_cg13758646,29.832616754402288
meth_cg16238815,29.83026497536404
meth_cg10834205,29.826394250024368
mut_21575,29.823888734137995
meth_cg10731794,29.798381953580712
meth_cg04778271,29.795864913087367
meth_cg02503159,29.792975062283
meth_cg08148209,29.786633773584544
meth_cg13524302,29.78651170521314
meth_cg11981631,29.777923814114903
meth_cg19113326,29.77282235215185
mut_27471,29.77086530302757
meth_cg10273340,29.760589573914068
meth_cg19156483,29.754123139691107
meth_cg01943874,29.749513956524016
meth_cg02120013,29.74837727406146
meth_cg06203207,29.746596354303595
meth_cg23649435,29.743596315904956
meth_cg20788415,29.73924654125662
meth_cg05919360,29.738041500012084
meth_cg08838671,29.73278181490462
meth_cg16576620,29.72972028423566
meth_cg09011883,29.703214333654802
meth_cg07791578,29.69414289572371
meth_cg06742044,29.681424300110397
meth_cg09392940,29.678717045290973
meth_cg27085904,29.675340552600073
meth_cg02090033,29.66822252191554
meth_cg16764494,29.657446017785848
mut_9723,29.635363400692423
meth_cg26916166,29.630738980984006
meth_cg04876835,29.628266897542176
rna_RGN,29.627083744344237
meth_cg10089527,29.62479837164521
meth_cg26121591,29.620258798193294
meth_cg03853987,29.616764877847153
meth_cg04879281,29.605984235270736
meth_cg16770799,29.595579206601304
meth_cg13567541,29.58962496733857
meth_cg04780572,29.57958305308722
meth_cg21489303,29.576445699998846
meth_cg18278265,29.571881099799178
meth_cg13193840,29.569620660191887
meth_cg22349506,29.567148516424616
meth_cg25458630,29.560673446866282
meth_cg00063471,29.558294150323153
meth_cg26367591,29.550408554344976
meth_cg10927719,29.548511060611858
meth_cg26582643,29.538317776486103
meth_cg25303599,29.532433312625155
meth_cg11610754,29.53025355037978
meth_cg19509715,29.518986987503823
meth_cg08576643,29.507001693688217
meth_cg25497250,29.5008404790677
meth_cg16714055,29.49506620762588
meth_cg02339682,29.487630496214646
meth_cg06636971,29.481629697590606
mut_39527,29.479032931581166
meth_cg15110403,29.47854018429035
meth_cg15674193,29.45529069202172
meth_cg01759126,29.454248111256888
meth_cg25485192,29.45401520859727
meth_cg21448033,29.446976410819385
meth_cg22389279,29.42635574657234
meth_cg20267521,29.426241617549316
meth_cg12778215,29.42048173904956
mut_4831,29.418039798013176
mut_21796,29.418039798013176
mut_34478,29.418039798013176
meth_cg25143771,29.4152929081948
meth_cg19897330,29.386246173642707
meth_cg26624576,29.38077548982505
meth_cg06131143,29.354521945362496
meth_cg05938671,29.343105737081203
meth_cg02468050,29.341109344042373
meth_cg09980176,29.33994529978249
meth_cg19584875,29.32633807917754
